,Peptide Sequence,Modified Peptide,Light Modified Peptide,Heavy Modified Peptide,exp_1 Log2 Ratio HL,exp_2 Log2 Ratio HL,exp_3 Log2 Ratio HL,exp_4 Log2 Ratio HL,exp_5 Log2 Ratio HL,Protein,Protein ID,Entry Name,Gene,Protein Description,Average H/L,P-value,Site,Hyperreactive,Complete Sequence,Peptide Location,Peptide Length,Left Prefix,Left Prefix Length,Methionine Location,Left 20,Right 20,protein_id,protein_number,AA,position,quality,x_coord_c,x_coord_ca,x_coord_cb,x_coord_n,y_coord_c,y_coord_ca,y_coord_cb,y_coord_n,z_coord_c,z_coord_ca,z_coord_cb,z_coord_n,secondary_structure,structure_group,BEND,HELX,STRN,TURN,unstructured,nAA_2_180_pae,nAA_3_180_pae,nAA_4_180_pae,nAA_4.5_180_pae,nAA_5_180_pae,nAA_5.5_180_pae,nAA_6_180_pae,nAA_6.5_180_pae,nAA_7_180_pae,nAA_7.5_180_pae,nAA_8_180_pae,nAA_12_180_pae,nAA_18_180_pae,nAA_24_180_pae,nAA_2_180_pae_smooth10,nAA_3_180_pae_smooth10,nAA_4_180_pae_smooth10,nAA_4.5_180_pae_smooth10,nAA_5_180_pae_smooth10,nAA_5.5_180_pae_smooth10,nAA_6_180_pae_smooth10,nAA_6.5_180_pae_smooth10,nAA_7_180_pae_smooth10,nAA_7.5_180_pae_smooth10,nAA_8_180_pae_smooth10,nAA_12_180_pae_smooth10,nAA_18_180_pae_smooth10,nAA_24_180_pae_smooth10,IDR
0,LINANMMVLGHEPR,LINANMMVLGHEPR,LINANM[649.3660]MVLGHEPR,LINANM[655.3735]MVLGHEPR,-2.660740957,-3.097203626,-2.506075427,-2.527522591,,sp|O00487|PSDE_HUMAN,O00487,PSDE_HUMAN,PSMD14,26S proteasome non-ATPase regulatory subunit 14,-2.69788565,0.0002888135721,O00487_M166,1,MDRLLRLGGGMPGLGQGPPTDAPAVDTAEQVYISSLALLKMLKHGRAGVPMEVMGLMLGEFVDDYTVRVIDVFAMPQSGTGVSVEAVDPVFQAKMLDMLKQTGRPEMVVGWYHSHPGFGCWLSGVDINTQQSFEALSERAVAVVVDPIQSVKGKVVIDAFRLINANMMVLGHEPRQTTSNLGHLNKPSIQALIHGLNRHYYSITINYRKNELEQKMLLNLHKKSWMEGLTLQDYSEHCKHNESVVKEMLELAKNYNKAVEEEDKMTPEQLAIKNVGKQDPKRHLEEHVDVLMTSNIVQCLAAMLDTVVFK,161,14,LINAN,5,166,PIQSVKGKVVIDAFRLINAN,MVLGHEPRQTTSNLGHLNKP,O00487,1,M,166,68.62,28.034,27.921,26.728,27.814,0.769,1.579,2.548,0.7,-7.083,-8.378,-8.309,-9.552,HELX_RH_AL_P,HELX,0,1,0,0,0,0,0,0,0,2,2,2,2,2,2,3,9,14,32,0.0,0.0,0.0,0.0,1.6666666666666667,1.7142857142857142,2.0952380952380953,2.238095238095238,2.619047619047619,3.0476190476190474,3.761904761904762,10.142857142857142,30.904761904761905,58.0,0
1,MGLVMDR,MGLVMDR,M[649.3660]GLVMDR,M[655.3735]GLVMDR,-2.415404672,-2.48478936,-2.460021704,-2.303695904,-2.461815805,sp|P52272|HNRPM_HUMAN,P52272,HNRPM_HUMAN,HNRNPM,Heterogeneous nuclear ribonucleoprotein M,-2.425145489,1.903466158e-07,P52272_M436,1,MAAGVEAAAEVAATEIKMEEESGAPGVPSGNGAPGPKGEGERPAQNEKRKEKNIKRGGNRFEPYANPTKRYRAFITNIPFDVKWQSLKDLVKEKVGEVTYVELLMDAEGKSRGCAVVEFKMEESMKKAAEVLNKHSLSGRPLKVKEDPDGEHARRAMQKVMATTGGMGMGPGGPGMITIPPSILNNPNIPNEIIHALQAGRLGSTVFVANLDYKVGWKKLKEVFSMAGVVVRADILEDKDGKSRGIGTVTFEQSIEAVQAISMFNGQLLFDRPMHVKMDERALPKGDFFPPERPQQLPHGLGGIGMGLGPGGQPIDANHLNKGIGMGNIGPAGMGMEGIGFGINKMGGMEGPFGGGMENMGRFGSGMNMGRINEILSNALKRGEIIAKQGGGGGGGSVPGIERMGPGIDRLGGAGMERMGAGLGHGMDRVGSEIERMGLVMDRMGSVERMGSGIERMGPLGLDHMASSIERMGQTMERIGSGVERMGAGMGFGLERMAAPIDRVGQTIERMGSGVERMGPAIERMGLSMERMVPAGMGAGLERMGPVMDRMATGLERMGANNLERMGLERMGANSLERMGLERMGANSLERMGPAMGPALGAGIERMGLAMGGGGGASFDRAIEMERGNFGGSFAGSFGGAGGHAPGVARKACQIFVRNLPFDFTWKMLKDKFNECGHVLYADIKMENGKSKGCGVVKFESPEVAERACRMMNGMKLSGREIDVRIDRNA,436,7,,0,436,ERMGAGLGHGMDRVGSEIER,GLVMDRMGSVERMGSGIERM,P52272,15,M,436,27.91,-10.761,-12.092,-13.221,-12.46,41.223,40.476,41.396,39.837,-13.686,-13.825,-14.349,-12.553,unstructured,unstructured,0,0,0,0,1,0,0,0,0,1,1,2,2,2,2,2,4,8,11,0.0,0.0,0.0,0.23809523809523808,1.0,1.2380952380952381,2.0,2.0,2.0,2.0,2.0,4.190476190476191,7.333333333333333,10.380952380952381,1
2,VMLALPSVR,VMLALPSVR,VM[649.3660]LALPSVR,VM[655.3735]LALPSVR,0.5086167778,,0.545373884,0.3733429755,0.1401142333,sp|Q15435|PP1R7_HUMAN,Q15435,PP1R7_HUMAN,PPP1R7,Protein phosphatase 1 regulatory subunit 7,0.3918619676,0.0235301725,Q15435_M343,1,MAAERGAGQQQSQEMMEVDRRVESEESGDEEGKKHSSGIVADLSEQSLKDGEERGEEDPEEEHELPVDMETINLDRDAEDVDLNHYRIGKIEGFEVLKKVKTLCLRQNLIKCIENLEELQSLRELDLYDNQIKKIENLEALTELEILDISFNLLRNIEGVDKLTRLKKLFLVNNKISKIENLSNLHQLQMLELGSNRIRAIENIDTLTNLESLFLGKNKITKLQNLDALTNLTVLSMQSNRLTKIEGLQNLVNLRELYLSHNGIEVIEGLENNNKLTMLDIASNRIKKIENISHLTELQEFWMNDNLLESWSDLDELKGARSLETVYLERNPLQKDPQYRRKVMLALPSVRQIDATFVRF,342,9,V,1,343,ETVYLERNPLQKDPQYRRKV,LALPSVRQIDATFVRF,Q15435,32,M,343,95.49,30.216,29.589,30.43,29.512,10.003,9.221,9.491,7.771,-2.602,-1.439,-0.183,-1.69,HELX_RH_AL_P,HELX,0,1,0,0,0,0,0,0,0,2,2,2,6,7,8,9,18,52,81,0.0,0.0,0.0,0.0,2.0,2.142857142857143,2.2857142857142856,3.5714285714285716,5.619047619047619,6.9523809523809526,7.333333333333333,19.285714285714285,47.23809523809524,78.47619047619048,0
3,RQQEEMMRR,RQQEEMMRR,RQQEEMM[649.3660]RR,RQQEEMM[655.3735]RR,,,1.089559424,,1.211582222,sp|Q15233|NONO_HUMAN,Q15233,NONO_HUMAN,NONO,Non-POU domain-containing octamer-binding protein,1.150570823,0.03372649301,Q15233_M362,1,MQSNKTFNLEKQNHTPRKHHQHHHQQQHHQQQQQQPPPPPIPANGQQASSQNEGLTIDLKNFRKPGEKTFTQRSRLFVGNLPPDITEEEMRKLFEKYGKAGEVFIHKDKGFGFIRLETRTLAEIAKVELDNMPLRGKQLRVRFACHSASLTVRNLPQYVSNELLEEAFSVFGQVERAVVIVDDRGRPSGKGIVEFSGKPAARKALDRCSEGSFLLTTFPRPVTVEPMDQLDDEEGLPEKLVIKNQQFHKEREQPPRFAQPGSFEYEYAMRWKALIEMEKQQQDQVDRNIKEAREKLEMEMEAARHEHQVMLMRQDLMRRQEELRRMEELHNQEVQKRKQLELRQEEERRRREEEMRRQQEEMMRRQQEGFKGTFPDAREQEIRMGQMAMGGAMGINNRGAMPPAPVPAGTPAPPGPATMMPDGTLGLTPPTTERFGQAATMEGIGAIGGTPPAFNRAAPGAEFAPNKRRRY,356,9,RQQEEM,6,362,RQEEERRRREEEMRRQQEEM,RRQQEGFKGTFPDAREQEIR,Q15233,31,M,362,72.9,-70.907,-69.396,-68.677,-69.036,-29.601,-29.813,-28.454,-30.537,86.112,86.009,86.037,84.782,HELX_RH_AL_P,HELX,0,1,0,0,0,0,0,0,0,1,1,2,2,2,3,3,9,15,20,0.0,0.0,0.0,0.0,0.8571428571428571,0.8571428571428571,1.380952380952381,1.380952380952381,2.3333333333333335,2.9523809523809526,3.9523809523809526,6.9523809523809526,13.238095238095237,18.142857142857142,1
4,DHPQQQPGMLSR,DHPQQQPGMLSR,DHPQQQPGM[649.3660]LSR,DHPQQQPGM[655.3735]LSR,2.05998142,,1.444679768,1.992699643,2.121844285,sp|Q8WUH6|TM263_HUMAN,Q8WUH6,TM263_HUMAN,TMEM263,Transmembrane protein 263,1.904801279,0.001174393644,Q8WUH6_M33,1,MNQTDKNQQEIPSYLNDEPPEGSMKDHPQQQPGMLSRVTGGIFSVTKGAVGATIGGVAWIGGKSLEVTKTAVTTVPSMGIGLVKGGVSAVAGGVTAVGSAVVNKVPLTGKKKDKSD,25,12,DHPQQQPG,8,33,YLNDEPPEGSMKDHPQQQPG,LSRVTGGIFSVTKGAVGATI,Q8WUH6,36,M,33,55.57,-15.432,-15.664,-17.152,-14.849,-22.56,-23.948,-24.198,-24.179,1.823,2.447,2.795,3.634,TURN_TY1_P,TURN,0,0,0,1,0,0,0,0,0,0,0,2,2,2,2,2,4,6,9,0.0,0.0,0.0,0.0,0.23809523809523808,0.23809523809523808,1.619047619047619,1.619047619047619,2.0,2.0,2.0,3.4761904761904763,6.0476190476190474,9.19047619047619,1
5,NSLYDMAR,NSLYDMAR,NSLYDM[649.3660]AR,NSLYDM[655.3735]AR,2.380717743,2.330050287,,,,sp|Q9BQ04|RBM4B_HUMAN,Q9BQ04,RBM4B_HUMAN,RBM4B,RNA-binding protein 4B,2.355384015,0.006847006798,Q9BQ04_M341,0,MVKLFIGNLPREATEQEIRSLFEQYGKVLECDIIKNYGFVHIEDKTAAEDAIRNLHHYKLHGVNINVEASKNKSKASTKLHVGNISPTCTNQELRAKFEEYGPVIECDIVKDYAFVHMERAEDAVEAIRGLDNTEFQGKRMHVQLSTSRLRTAPGMGDQSGCYRCGKEGHWSKECPVDRTGRVADFTEQYNEQYGAVRTPYTMGYGESMYYNDAYGALDYYKRYRVRSYEAVAAAAAASAYNYAEQTMSHLPQVQSTTVTSHLNSTSVDPYDRHLLPNSGAAATSAAMAAAAATTSSYYGRDRSPLRRAAAMLPTVGEGYGYGPESELSQASAATRNSLYDMARYEREQYVDRARYSAF,336,8,NSLYD,5,341,YGPESELSQASAATRNSLYD,ARYEREQYVDRARYSAF,Q9BQ04,37,M,341,40.11,17.652,17.015,16.853,17.45,-29.975,-29.927,-31.337,-28.959,-14.864,-16.275,-16.875,-17.311,unstructured,unstructured,0,0,0,0,1,0,0,0,0,0,0,2,2,2,2,2,3,7,9,0.0,0.0,0.0,0.09523809523809523,0.7619047619047619,1.0476190476190477,2.0,2.0,2.0,2.0,2.0,3.761904761904762,7.0476190476190474,9.428571428571429,1
6,NKHEAMITDLEER,NKHEAMITDLEER,NKHEAM[649.3660]ITDLEER,NKHEAM[655.3735]ITDLEER,,2.727223218,,,2.381162561,sp|P35579|MYH9_HUMAN,P35579,MYH9_HUMAN,MYH9,Myosin-9,2.554192889,0.04306115019,P35579_M1027,0,MAQQAADKYLYVDKNFINNPLAQADWAAKKLVWVPSDKSGFEPASLKEEVGEEAIVELVENGKKVKVNKDDIQKMNPPKFSKVEDMAELTCLNEASVLHNLKERYYSGLIYTYSGLFCVVINPYKNLPIYSEEIVEMYKGKKRHEMPPHIYAITDTAYRSMMQDREDQSILCTGESGAGKTENTKKVIQYLAYVASSHKSKKDQGELERQLLQANPILEAFGNAKTVKNDNSSRFGKFIRINFDVNGYIVGANIETYLLEKSRAIRQAKEERTFHIFYYLLSGAGEHLKTDLLLEPYNKYRFLSNGHVTIPGQQDKDMFQETMEAMRIMGIPEEEQMGLLRVISGVLQLGNIVFKKERNTDQASMPDNTAAQKVSHLLGINVTDFTRGILTPRIKVGRDYVQKAQTKEQADFAIEALAKATYERMFRWLVLRINKALDKTKRQGASFIGILDIAGFEIFDLNSFEQLCINYTNEKLQQLFNHTMFILEQEEYQREGIEWNFIDFGLDLQPCIDLIEKPAGPPGILALLDEECWFPKATDKSFVEKVMQEQGTHPKFQKPKQLKDKADFCIIHYAGKVDYKADEWLMKNMDPLNDNIATLLHQSSDKFVSELWKDVDRIIGLDQVAGMSETALPGAFKTRKGMFRTVGQLYKEQLAKLMATLRNTNPNFVRCIIPNHEKKAGKLDPHLVLDQLRCNGVLEGIRICRQGFPNRVVFQEFRQRYEILTPNSIPKGFMDGKQACVLMIKALELDSNLYRIGQSKVFFRAGVLAHLEEERDLKITDVIIGFQACCRGYLARKAFAKRQQQLTAMKVLQRNCAAYLKLRNWQWWRLFTKVKPLLQVSRQEEEMMAKEEELVKVREKQLAAENRLTEMETLQSQLMAEKLQLQEQLQAETELCAEAEELRARLTAKKQELEEICHDLEARVEEEEERCQHLQAEKKKMQQNIQELEEQLEEEESARQKLQLEKVTTEAKLKKLEEEQIILEDQNCKLAKEKKLLEDRIAEFTTNLTEEEEKSKSLAKLKNKHEAMITDLEERLRREEKQRQELEKTRRKLEGDSTDLSDQIAELQAQIAELKMQLAKKEEELQAALARVEEEAAQKNMALKKIRELESQISELQEDLESERASRNKAEKQKRDLGEELEALKTELEDTLDSTAAQQELRSKREQEVNILKKTLEEEAKTHEAQIQEMRQKHSQAVEELAEQLEQTKRVKANLEKAKQTLENERGELANEVKVLLQGKGDSEHKRKKVEAQLQELQVKFNEGERVRTELADKVTKLQVELDNVTGLLSQSDSKSSKLTKDFSALESQLQDTQELLQEENRQKLSLSTKLKQVEDEKNSFREQLEEEEEAKHNLEKQIATLHAQVADMKKKMEDSVGCLETAEEVKRKLQKDLEGLSQRHEEKVAAYDKLEKTKTRLQQELDDLLVDLDHQRQSACNLEKKQKKFDQLLAEEKTISAKYAEERDRAEAEAREKETKALSLARALEEAMEQKAELERLNKQFRTEMEDLMSSKDDVGKSVHELEKSKRALEQQVEEMKTQLEELEDELQATEDAKLRLEVNLQAMKAQFERDLQGRDEQSEEKKKQLVRQVREMEAELEDERKQRSMAVAARKKLEMDLKDLEAHIDSANKNRDEAIKQLRKLQAQMKDCMRELDDTRASREEILAQAKENEKKLKSMEAEMIQLQEELAAAERAKRQAQQERDELADEIANSSGKGALALEEKRRLEARIAQLEEELEEEQGNTELINDRLKKANLQIDQINTDLNLERSHAQKNENARQQLERQNKELKVKLQEMEGTVKSKYKASITALEAKIAQLEEQLDNETKERQAACKQVRRTEKKLKDVLLQVDDERRNAEQYKDQADKASTRLKQLKRQLEEAEEEAQRANASRRKLQRELEDATETADAMNREVSSLKNKLRRGDLPFVVPRRMARKGAGDGSDEEVDGKADGAEAKPAE,1022,13,NKHEA,5,1027,LTEEEEKSKSLAKLKNKHEA,ITDLEERLRREEKQRQELEK,P35579,11,M,1027,64.11,-10.56,-9.68,-10.173,-8.221,5.786,6.173,7.543,6.053,-77.49,-76.295,-75.752,-76.552,TURN_TY1_P,TURN,0,0,0,1,0,0,0,0,0,2,2,2,3,5,6,6,14,21,29,0.0,0.0,0.0,0.0,1.5238095238095237,1.5238095238095237,2.2857142857142856,2.9047619047619047,3.9047619047619047,5.476190476190476,6.571428571428571,12.380952380952381,20.333333333333332,27.714285714285715,1
7,VHMWEQTVK,VHMWEQTVK,VHM[649.3660]WEQTVK,VHM[655.3735]WEQTVK,3.498862959,,4.184100795,2.833560313,1.600223612,sp|Q14683|SMC1A_HUMAN,Q14683,SMC1A_HUMAN,SMC1A,Structural maintenance of chromosomes protein 1A,3.02918692,0.01180505743,Q14683_M836,0,MGFLKLIEIENFKSYKGRQIIGPFQRFTAIIGPNGSGKSNLMDAISFVLGEKTSNLRVKTLRDLIHGAPVGKPAANRAFVSMVYSEEGAEDRTFARVIVGGSSEYKINNKVVQLHEYSEELEKLGILIKARNFLVFQGAVESIAMKNPKERTALFEEISRSGELAQEYDKRKKEMVKAEEDTQFNYHRKKNIAAERKEAKQEKEEADRYQRLKDEVVRAQVQLQLFKLYHNEVEIEKLNKELASKNKEIEKDKKRMDKVEDELKEKKKELGKMMREQQQIEKEIKEKDSELNQKRPQYIKAKENTSHKIKKLEAAKKSLQNAQKHYKKRKGDMDELEKEMLSVEKARQEFEERMEEESQSQGRDLTLEENQVKKYHRLKEEASKRAATLAQELEKFNRDQKADQDRLDLEERKKVETEAKIKQKLREIEENQKRIEKLEEYITTSKQSLEEQKKLEGELTEEVEMAKRRIDEINKELNQVMEQLGDARIDRQESSRQQRKAEIMESIKRLYPGSVYGRLIDLCQPTQKKYQIAVTKVLGKNMDAIIVDSEKTGRDCIQYIKEQRGEPETFLPLDYLEVKPTDEKLRELKGAKLVIDVIRYEPPHIKKALQYACGNALVCDNVEDARRIAFGGHQRHKTVALDGTLFQKSGVISGGASDLKAKARRWDEKAVDKLKEKKERLTEELKEQMKAKRKEAELRQVQSQAHGLQMRLKYSQSDLEQTKTRHLALNLQEKSKLESELANFGPRINDIKRIIQSREREMKDLKEKMNQVEDEVFEEFCREIGVRNIREFEEEKVKRQNEIAKKRLEFENQKTRLGIQLDFEKNQLKEDQDKVHMWEQTVKKDENEIEKLKKEEQRHMKIIDETMAQLQDLKNQHLAKKSEVNDKNHEMEEIRKKLGGANKEMTHLQKEVTAIETKLEQKRSDRHNLLQACKMQDIKLPLSKGTMDDISQEEGSSQGEDSVSGSQRISSIYAREALIEIDYGDLCEDLKDAQAEEEIKQEMNTLQQKLNEQQSVLQRIAAPNMKAMEKLESVRDKFQETSDEFEAARKRAKKAKQAFEQIKKERFDRFNACFESVATNIDEIYKALSRNSSAQAFLGPENPEEPYLDGINYNCVAPGKRFRPMDNLSGGEKTVAALALLFAIHSYKPAPFFVLDEIDAALDNTNIGKVANYIKEQSTCNFQAIVISLKEEFYTKAESLIGVYPEQGDCVISKVLTFDLTKYPDANPNPNEQ,834,9,VH,2,836,LGIQLDFEKNQLKEDQDKVH,WEQTVKKDENEIEKLKKEEQ,Q14683,30,M,836,89.23,-25.792,-25.345,-23.874,-26.158,-11.104,-12.302,-12.213,-12.457,-10.423,-11.283,-11.719,-12.495,HELX_RH_AL_P,HELX,0,1,0,0,0,0,0,0,0,1,1,2,3,5,6,6,13,33,50,0.0,0.0,0.0,0.0,1.9523809523809523,1.9523809523809523,2.380952380952381,4.571428571428571,5.523809523809524,7.523809523809524,7.714285714285714,15.476190476190476,33.23809523809524,49.76190476190476,0
8,SQMLAMNIEK,SQMLAMNIEK,SQM[649.3660]LAMNIEK,SQM[655.3735]LAMNIEK,2.578362901,2.680918761,4.467774064,,,sp|P60228|EIF3E_HUMAN,P60228,EIF3E_HUMAN,EIF3E,Eukaryotic translation initiation factor 3 subunit E,3.242351909,0.0339796174,P60228_M416,0,MAEYDLTTRIAHFLDRHLVFPLLEFLSVKEIYNEKELLQGKLDLLSDTNMVDFAMDVYKNLYSDDIPHALREKRTTVVAQLKQLQAETEPIVKMFEDPETTRQMQSTRDGRMLFDYLADKHGFRQEYLDTLYRYAKFQYECGNYSGAAEYLYFFRVLVPATDRNALSSLWGKLASEILMQNWDAAMEDLTRLKETIDNNSVSSPLQSLQQRTWLIHWSLFVFFNHPKGRDNIIDLFLYQPQYLNAIQTMCPHILRYLTTAVITNKDVRKRRQVLKDLVKVIQQESYTYKDPITEFVECLYVNFDFDGAQKKLRECESVLVNDFFLVACLEDFIENARLFIFETFCRIHQCISINMLADKLNMTPEEAERWIVNLIRNARLDAKIDSKLGHVVMGNNAVSPYQQVIEKTKSLSFRSQMLAMNIEKKLNQNSRSEAPNWATQDSGFY,414,10,SQ,2,416,AVSPYQQVIEKTKSLSFRSQ,LAMNIEKKLNQNSRSEAPNW,P60228,18,M,416,90.64,29.134,29.886,28.99,30.342,-28.205,-26.965,-25.719,-27.151,-3.547,-4.062,-4.004,-5.443,HELX_RH_AL_P,HELX,0,1,0,0,0,0,0,0,0,2,2,2,4,6,6,6,12,17,24,0.0,0.0,0.0,0.0,1.9523809523809523,1.9523809523809523,2.380952380952381,3.6666666666666665,4.761904761904762,5.761904761904762,6.285714285714286,10.904761904761905,17.38095238095238,22.952380952380953,1
9,LEAMLQAAAEGK,LEAMLQAAAEGK,LEAM[649.3660]LQAAAEGK,LEAM[655.3735]LQAAAEGK,,3.904856832,2.472289733,,3.592615003,sp|Q9H694|BICC1_HUMAN,Q9H694,BICC1_HUMAN,BICC1,Protein bicaudal C homolog 1,3.323253856,0.01669994234,Q9H694_M60,0,MAAQGEPGYLAAQSDPGSNSERSTDSPVPGSEDDLVAGATLHSPEWSEERFRVDRKKLEAMLQAAAEGKGRSGEDFFQKIMEETNTQIAWPSKLKIGAKSKKDPHIKVSGKKEDVKEAKEMIMSVLDTKSNRVTLKMDVSHTEHSHVIGKGGNNIKKVMEETGCHIHFPDSNRNNQAEKSNQVSIAGQPAGVESARVRIRELLPLVLMFELPIAGILQPVPDPNSPSIQHISQTYNISVSFKQRSRMYGATVIVRGSQNNTSAVKEGTAMLLEHLAGSLASAIPVSTQLDIAAQHHLFMMGRNGSNIKHIMQRTGAQIHFPDPSNPQKKSTVYLQGTIESVCLARQYLMGCLPLVLMFDMKEEIEVDPQFIAQLMEQLDVFISIKPKPKQPSKSVIVKSVERNALNMYEARKCLLGLESSGVTIATSPSPASCPAGLACPSLDILASAGLGLTGLGLLGPTTLSLNTSTTPNSLLNALNSSVSPLQSPSSGTPSPTLWAPPLANTSSATGFSAIPHLMIPSTAQATLTNILLSGVPTYGHTAPSPPPGLTPVDVHINSMQTEGKKISAALNGHAQSPDIKYGAISTSSLGEKVLSANHGDPSIQTSGSEQTSPKSSPTEGCNDAFVEVGMPRSPSHSGNAGDLKQMMCPSKVSCAKRQTVELLQGTKNSHLHSTDRLLSDPELSATESPLADKKAPGSERAAERAAAAQQNSERAHLAPRSSYVNMQAFDYEQKKLLATKAMLKKPVVTEVRTPTNTWSGLGFSKSMPAETIKELRRANHVSYKPTMTTTYEGSSMSLSRSNSREHLGGGSESDNWRDRNGIGPGSHSEFAASIGSPKRKQNKSTEHYLSSSNYMDCISSLTGSNGCNLNSSFKGSDLPELFSKLGLGKYTDVFQQQEIDLQTFLTLTDQDLKELGITTFGARRKMLLAISELNKNRRKLFESPNARTSFLEGGASGRLPRQYHSDIASVSGRW,57,12,LEA,3,60,LHSPEWSEERFRVDRKKLEA,LQAAAEGKGRSGEDFFQKIM,Q9H694,40,M,60,79.91,-2.85,-3.536,-5.066,-3.158,2.481,2.533,2.577,1.389,29.613,28.238,28.367,27.395,HELX_RH_AL_P,HELX,0,1,0,0,0,0,0,0,0,2,2,2,3,5,6,6,12,45,71,0.0,0.0,0.0,0.0,1.7619047619047619,1.7619047619047619,2.142857142857143,2.857142857142857,3.4761904761904763,3.9523809523809526,4.666666666666667,10.619047619047619,31.0,52.523809523809526,0
10,MGAGMGFGLER,MGAGMGFGLER,MGAGM[649.3660]GFGLER,MGAGM[655.3735]GFGLER,,,,3.511572431,3.197013417,sp|P52272|HNRPM_HUMAN,P52272,HNRPM_HUMAN,HNRNPM,Heterogeneous nuclear ribonucleoprotein M,3.354292924,0.02982862965,P52272_M489,0,MAAGVEAAAEVAATEIKMEEESGAPGVPSGNGAPGPKGEGERPAQNEKRKEKNIKRGGNRFEPYANPTKRYRAFITNIPFDVKWQSLKDLVKEKVGEVTYVELLMDAEGKSRGCAVVEFKMEESMKKAAEVLNKHSLSGRPLKVKEDPDGEHARRAMQKVMATTGGMGMGPGGPGMITIPPSILNNPNIPNEIIHALQAGRLGSTVFVANLDYKVGWKKLKEVFSMAGVVVRADILEDKDGKSRGIGTVTFEQSIEAVQAISMFNGQLLFDRPMHVKMDERALPKGDFFPPERPQQLPHGLGGIGMGLGPGGQPIDANHLNKGIGMGNIGPAGMGMEGIGFGINKMGGMEGPFGGGMENMGRFGSGMNMGRINEILSNALKRGEIIAKQGGGGGGGSVPGIERMGPGIDRLGGAGMERMGAGLGHGMDRVGSEIERMGLVMDRMGSVERMGSGIERMGPLGLDHMASSIERMGQTMERIGSGVERMGAGMGFGLERMAAPIDRVGQTIERMGSGVERMGPAIERMGLSMERMVPAGMGAGLERMGPVMDRMATGLERMGANNLERMGLERMGANSLERMGLERMGANSLERMGPAMGPALGAGIERMGLAMGGGGGASFDRAIEMERGNFGGSFAGSFGGAGGHAPGVARKACQIFVRNLPFDFTWKMLKDKFNECGHVLYADIKMENGKSKGCGVVKFESPEVAERACRMMNGMKLSGREIDVRIDRNA,485,11,MGAG,4,489,ERMGQTMERIGSGVERMGAG,GFGLERMAAPIDRVGQTIER,P52272,15,M,489,35.24,9.932,10.073,8.876,10.159,-13.291,-12.543,-12.783,-11.105,38.503,39.842,40.78,39.554,unstructured,unstructured,0,0,0,0,1,0,0,0,0,1,2,2,2,2,2,2,4,7,10,0.0,0.0,0.0,0.19047619047619047,1.0952380952380953,1.1904761904761905,1.9047619047619047,1.9047619047619047,2.0,2.0,2.0476190476190474,4.476190476190476,7.809523809523809,11.0,1
11,RLMADELER,RLMADELER,RLM[649.3660]ADELER,RLM[655.3735]ADELER,3.270621842,3.007228693,4.244715432,,,sp|O60610|DIAP1_HUMAN,O60610,DIAP1_HUMAN,DIAPH1,Protein diaphanous homolog 1,3.507521989,0.0113182119,O60610_M44,0,MEPPGGSLGPGRGTRDKKKGRSPDELPSAGGDGGKSKKFTLKRLMADELERFTSMRIKKEKEKPNSAHRNSSASYGDDPTAQSLQDVSDEQVLVLFEQMLLDMNLNEEKQQPLREKDIIIKREMVSQYLYTSKAGMSQKESSKSAMMYIQELRSGLRDMPLLSCLESLRVSLNNNPVSWVQTFGAEGLASLLDILKRLHDEKEETAGSYDSRNKHEIIRCLKAFMNNKFGIKTMLETEEGILLLVRAMDPAVPNMMIDAAKLLSALCILPQPEDMNERVLEAMTERAEMDEVERFQPLLDGLKSGTTIALKVGCLQLINALITPAEELDFRVHIRSELMRLGLHQVLQDLREIENEDMRVQLNVFDEQGEEDSYDLKGRLDDIRMEMDDFNEVFQILLNTVKDSKAEPHFLSILQHLLLVRNDYEARPQYYKLIEECISQIVLHKNGADPDFKCRHLQIEIEGLIDQMIDKTKVEKSEAKAAELEKKLDSELTARHELQVEMKKMESDFEQKLQDLQGEKDALHSEKQQIATEKQDLEAEVSQLTGEVAKLTKELEDAKKEMASLSAAAITVPPSVPSRAPVPPAPPLPGDSGTIIPPPPAPGDSTTPPPPPPPPPPPPPLPGGVCISSPPSLPGGTAISPPPPLSGDATIPPPPPLPEGVGIPSPSSLPGGTAIPPPPPLPGSARIPPPPPPLPGSAGIPPPPPPLPGEAGMPPPPPPLPGGPGIPPPPPFPGGPGIPPPPPGMGMPPPPPFGFGVPAAPVLPFGLTPKKLYKPEVQLRRPNWSKLVAEDLSQDCFWTKVKEDRFENNELFAKLTLTFSAQTKTSKAKKDQEGGEEKKSVQKKKVKELKVLDSKTAQNLSIFLGSFRMPYQEIKNVILEVNEAVLTESMIQNLIKQMPEPEQLKMLSELKDEYDDLAESEQFGVVMGTVPRLRPRLNAILFKLQFSEQVENIKPEIVSVTAACEELRKSESFSNLLEITLLVGNYMNAGSRNAGAFGFNISFLCKLRDTKSTDQKMTLLHFLAELCENDYPDVLKFPDELAHVEKASRVSAENLQKNLDQMKKQISDVERDVQNFPAATDEKDKFVEKMTSFVKDAQEQYNKLRMMHSNMETLYKELGEYFLFDPKKLSVEEFFMDLHNFRNMFLQAVKENQKRRETEEKMRRAKLAKEKAEKERLEKQQKREQLIDMNAEGDETGVMDSLLEALQSGAAFRRKRGPRQANRKAGCAVTSLLASELTKDDAMAAVPAKVSKNSETFPTILEEAKELVGRAS,42,9,RL,2,44,ELPSAGGDGGKSKKFTLKRL,ADELERFTSMRIKKEKEKPN,O60610,2,M,44,44.07,58.191,56.963,57.347,56.271,5.986,5.989,6.489,4.695,-36.618,-35.687,-34.284,-35.588,HELX_RH_AL_P,HELX,0,1,0,0,0,0,0,0,0,1,1,2,2,2,2,2,8,11,15,0.0,0.0,0.0,0.0,1.2380952380952381,1.2380952380952381,2.0,2.0,2.0,2.0,2.0952380952380953,6.142857142857143,10.380952380952381,13.523809523809524,1
12,GFLVMGSK,GFLVMGSK,GFLVM[649.3660]GSK,GFLVM[655.3735]GSK,3.76674251,,,3.446928301,,sp|Q9H4G0|E41L1_HUMAN,Q9H4G0,E41L1_HUMAN,EPB41L1,Band 4.1-like protein 1,3.606835406,0.02820572438,Q9H4G0_M388,0,MTTETGPDSEVKKAQEEAPQQPEAAAAVTTPVTPAGHGHPEANSNEKHPSQQDTRPAEQSLDMEEKDYSEADGLSERTTPSKAQKSPQKIAKKYKSAICRVTLLDASEYECEVEKHGRGQVLFDLVCEHLNLLEKDYFGLTFCDADSQKNWLDPSKEIKKQIRSSPWNFAFTVKFYPPDPAQLTEDITRYYLCLQLRADIITGRLPCSFVTHALLGSYAVQAELGDYDAEEHVGNYVSELRFAPNQTRELEERIMELHKTYRGMTPGEAEIHFLENAKKLSMYGVDLHHAKDSEGIDIMLGVCANGLLIYRDRLRINRFAWPKILKISYKRSNFYIKIRPGEYEQFESTIGFKLPNHRSAKRLWKVCIEHHTFFRLVSPEPPPKGFLVMGSKFRYSGRTQAQTRQASALIDRPAPFFERSSSKRYTMSRSLDGAEFSRPASVSENHDAGPDGDKRDEDGESGGQRSEAEEGEVRTPTKIKELKPEQETTPRHKQEFLDKPEDVLLKHQASINELKRTLKEPNSKLIHRDRDWERERRLPSSPASPSPKGTPEKANERAGLREGSEEKVKPPRPRAPESDTGDEDQDQERDTVFLKDNHLAIERKCSSITVSSTSSLEAEVDFTVIGDYHGSAFEDFSRSLPELDRDKSDSDTEGLLFSRDLNKGAPSQDDESGGIEDSPDRGACSTPDMPQFEPVKTETMTVSSLAIRKKIEPEAVLQTRVSAMDNTQQVDGSASVGREFIATTPSITTETISTTMENSLKSGKGAAAMIPGPQTVATEIRSLSPIIGKDVLTSTYGATAETLSTSTTTHVTKTVKGGFSETRIEKRIIITGDEDVDQDQALALAIKEAKLQHPDMLVTKAVVYRETDPSPEERDKKPQES,384,8,GFLV,4,388,EHHTFFRLVSPEPPPKGFLV,GSKFRYSGRTQAQTRQASAL,Q9H4G0,39,M,388,56.15,-2.371,-2.89,-1.781,-4.062,3.546,3.291,3.503,4.125,-33.483,-34.904,-35.947,-35.185,unstructured,unstructured,0,0,0,0,1,0,0,0,0,2,2,2,2,2,2,2,4,8,12,0.0,0.0,0.0,0.0,1.7619047619047619,1.8095238095238095,2.0476190476190474,2.1904761904761907,2.2857142857142856,2.380952380952381,2.9523809523809526,8.047619047619047,22.523809523809526,48.38095238095238,0
13,RTLKIPAMTIAK,RTLKIPAMTIAK,RTLKIPAM[649.3660]TIAK,RTLKIPAM[655.3735]TIAK,4.020278378,,3.50969045,,,sp|P10809|CH60_HUMAN,P10809,CH60_HUMAN,HSPD1,"60 kDa heat shock protein, mitochondrial",3.764984414,0.04310158126,P10809_M476,0,MLRLPTVFRQMRPVSRVLAPHLTRAYAKDVKFGADARALMLQGVDLLADAVAVTMGPKGRTVIIEQSWGSPKVTKDGVTVAKSIDLKDKYKNIGAKLVQDVANNTNEEAGDGTTTATVLARSIAKEGFEKISKGANPVEIRRGVMLAVDAVIAELKKQSKPVTTPEEIAQVATISANGDKEIGNIISDAMKKVGRKGVITVKDGKTLNDELEIIEGMKFDRGYISPYFINTSKGQKCEFQDAYVLLSEKKISSIQSIVPALEIANAHRKPLVIIAEDVDGEALSTLVLNRLKVGLQVVAVKAPGFGDNRKNQLKDMAIATGGAVFGEEGLTLNLEDVQPHDLGKVGEVIVTKDDAMLLKGKGDKAQIEKRIQEIIEQLDVTTSEYEKEKLNERLAKLSDGVAVLKVGGTSDVEVNEKKDRVTDALNATRAAVEEGIVLGGGCALLRCIPALDSLTPANEDQKIGIEIIKRTLKIPAMTIAKNAGVEGSLIVEKIMQSSSEVGYDAMAGDFVNMVEKGIIDPTKVVRTALLDAAGVASLLTTAEVVVTEIPKEEKDPGMGAMGGMGGGMGGGMF,469,12,RTLKIPA,7,476,ANEDQKIGIEIIKRTLKIPA,TIAKNAGVEGSLIVEKIMQS,P10809,4,M,476,97.62,15.113,16.387,16.824,16.208,14.396,13.542,13.115,12.341,-11.029,-10.967,-12.373,-10.147,HELX_RH_AL_P,HELX,0,1,0,0,0,0,0,0,0,2,3,3,6,8,11,11,33,77,159,0.0,0.0,0.0,0.0,2.0,2.0952380952380953,2.5714285714285716,4.619047619047619,6.380952380952381,8.095238095238095,8.904761904761905,27.666666666666668,74.19047619047619,146.28571428571428,0
14,TLAMDTILANAR,TLAMDTILANAR,TLAM[649.3660]DTILANAR,TLAM[655.3735]DTILANAR,3.744253973,,3.871560964,,,sp|P46926|GNPI1_HUMAN,P46926,GNPI1_HUMAN,GNPDA1,Glucosamine-6-phosphate isomerase 1,3.807907469,0.01064083101,P46926_M163,0,MKLIILEHYSQASEWAAKYIRNRIIQFNPGPEKYFTLGLPTGSTPLGCYKKLIEYYKNGDLSFKYVKTFNMDEYVGLPRDHPESYHSFMWNNFFKHIDIHPENTHILDGNAVDLQAECDAFEEKIKAAGGIELFVGGIGPDGHIAFNEPGSSLVSRTRVKTLAMDTILANARFFDGELTKVPTMALTVGVGTVMDAREVMILITGAHKAFALYKAIEEGVNHMWTVSAFQQHPRTVFVCDEDATLELKVKTVKYFKGLMLVHNKLVDPLYSIKEKETEKSQSSKKPYSD,160,12,TLA,3,163,IAFNEPGSSLVSRTRVKTLA,DTILANARFFDGELTKVPTM,P46926,13,M,163,92.92,17.651,17.442,18.478,16.092,2.734,2.277,2.912,2.582,-12.952,-14.403,-15.343,-14.881,HELX_RH_AL_P,HELX,0,1,0,0,0,0,0,0,0,2,2,3,4,4,5,6,11,34,69,0.0,0.0,0.0,0.0,2.0952380952380953,2.1904761904761907,2.619047619047619,4.095238095238095,5.190476190476191,6.238095238095238,7.666666666666667,18.333333333333332,48.333333333333336,95.19047619047619,0
15,RDLTQMADELRR,RDLTQMADELRR,RDLTQM[649.3660]ADELRR,RDLTQM[655.3735]ADELRR,4.065696175,,4.026231134,,,sp|P41227|NAA10_HUMAN,P41227,NAA10_HUMAN,NAA10,N-alpha-acetyltransferase 10,4.045963654,0.003104825948,P41227_M153,0,MNIRNARPEDLMNMQHCNLLCLPENYQMKYYFYHGLSWPQLSYIAEDENGKIVGYVLAKMEEDPDDVPHGHITSLAVKRSHRRLGLAQKLMDQASRAMIENFNAKYVSLHVRKSNRAALHLYSNTLNFQISEVEPKYYADGEDAYAMKRDLTQMADELRRHLELKEKGRHVVLGAIENKVESKGNSPPSSGEACREEKGLAAEDSGGDSKDLSEVSETTESTDVKDSSEASDSAS,148,12,RDLTQ,5,153,EPKYYADGEDAYAMKRDLTQ,ADELRRHLELKEKGRHVVLG,P41227,12,M,153,96.44,-8.706,-7.266,-6.905,-6.307,-8.849,-8.35,-7.256,-9.452,9.431,9.62,8.601,9.502,HELX_RH_AL_P,HELX,0,1,0,0,0,0,0,0,0,2,2,2,4,6,7,7,19,46,82,0.0,0.0,0.0,0.0,2.0,2.1904761904761907,2.380952380952381,4.476190476190476,5.714285714285714,7.714285714285714,8.428571428571429,17.285714285714285,40.0,69.66666666666667,0
16,HNPVFGVMS,HNPVFGVMS,HNPVFGVM[649.3660]S,HNPVFGVM[655.3735]S,4.203244633,,4.046393985,,,sp|P61158|ARP3_HUMAN,P61158,ARP3_HUMAN,ACTR3,Actin-related protein 3,4.124819309,0.0121026143,P61158_M416,0,MAGRLPACVVDCGTGYTKLGYAGNTEPQFIIPSCIAIKESAKVGDQAQRRVMKGVDDLDFFIGDEAIEKPTYATKWPIRHGIVEDWDLMERFMEQVIFKYLRAEPEDHYFLLTEPPLNTPENREYTAEIMFESFNVPGLYIAVQAVLALAASWTSRQVGERTLTGTVIDSGDGVTHVIPVAEGYVIGSCIKHIPIAGRDITYFIQQLLRDREVGIPPEQSLETAKAVKERYSYVCPDLVKEFNKYDTDGSKWIKQYTGINAISKKEFSIDVGYERFLGPEIFFHPEFANPDFTQPISEVVDEVIQNCPIDVRRPLYKNIVLSGGSTMFRDFGRRLQRDLKRTVDARLKLSEELSGGRLKPKPIDVQVITHHMQRYAVWFGGSMLASTPEFYQVCHTKKDYEEIGPSICRHNPVFGVMS,409,9,HNPVFGV,7,416,KKDYEEIGPSICRHNPVFGV,S,P61158,19,M,416,34.31,-24.57,-23.405,-23.313,-22.147,-12.114,-12.322,-11.278,-12.412,7.096,8.069,9.191,7.334,unstructured,unstructured,0,0,0,0,1,0,0,0,0,1,1,2,2,2,2,2,3,5,10,0.0,0.0,0.0,0.0,1.5833333333333333,1.5833333333333333,1.9166666666666667,2.1666666666666665,2.6666666666666665,2.9166666666666665,3.0,8.583333333333334,27.166666666666668,57.75,0
17,LRDTEEMLSK,LRDTEEMLSK,LRDTEEM[649.3660]LSK,LRDTEEM[655.3735]LSK,4.517076426,4.061231254,3.848476047,,,sp|Q9H444|CHM4B_HUMAN,Q9H444,CHM4B_HUMAN,CHMP4B,Charged multivesicular body protein 4b,4.142261242,0.002259073498,Q9H444_M34,0,MSVFGKLFGAGGGKAGKGGPTPQEAIQRLRDTEEMLSKKQEFLEKKIEQELTAAKKHGTKNKRAALQALKRKKRYEKQLAQIDGTLSTIEFQREALENANTNTEVLKNMGYAAKAMKAAHDNMDIDKVDELMQDIADQQELAEEISTAISKPVGFGEEFDEDELMAELEELEQEELDKNLLEISGPETVPLPNVPSIALPSKPAKKKEEEDDDMKELENWAGSM,28,10,LRDTEE,6,34,AGKGGPTPQEAIQRLRDTEE,LSKKQEFLEKKIEQELTAAK,Q9H444,38,M,34,97.87,11.882,11.62,12.417,10.198,9.09,9.85,9.267,9.861,-2.216,-0.91,0.265,-0.558,HELX_RH_AL_P,HELX,0,1,0,0,0,0,0,0,0,2,2,2,5,6,8,8,16,35,55,0.0,0.0,0.0,0.0,2.0,2.0,2.4285714285714284,5.095238095238095,6.0476190476190474,8.380952380952381,8.476190476190476,18.142857142857142,36.42857142857143,52.19047619047619,0
18,DIQNMNFLLK,DIQNMNFLLK,DIQNM[649.3660]NFLLK,DIQNM[655.3735]NFLLK,4.237265696,4.327197639,4.332500727,4.643054776,4.092949849,sp|Q86UP2|KTN1_HUMAN,Q86UP2,KTN1_HUMAN,KTN1,Kinectin,4.326593737,1.130578892e-06,Q86UP2_M642,0,MEFYESAYFIVLIPSIVITVIFLFFWLFMKETLYDEVLAKQKREQKLIPTKTDKKKAEKKKNKKKEIQNGNLHESDSESVPRDFKLSDALAVEDDQVAPVPLNVVETSSSVRERKKKEKKQKPVLEEQVIKESDASKIPGKKVEPVPVTKQPTPPSEAAASKKKPGQKKSKNGSDDQDKKVETLMVPSKRQEALPLHQETKQESGSGKKKASSKKQKTENVFVDEPLIHATTYIPLMDNADSSPVVDKREVIDLLKPDQVEGIQKSGTKKLKTETDKENAEVKFKDFLLSLKTMMFSEDEALCVVDLLKEKSGVIQDALKKSSKGELTTLIHQLQEKDKLLAAVKEDAAATKDRCKQLTQEMMTEKERSNVVITRMKDRIGTLEKEHNVFQNKIHVSYQETQQMQMKFQQVREQMEAEIAHLKQENGILRDAVSNTTNQLESKQSAELNKLRQDYARLVNELTEKTGKLQQEEVQKKNAEQAATQLKVQLQEAERRWEEVQSYIRKRTAEHEAAQQDLQSKFVAKENEVQSLHSKLTDTLVSKQQLEQRLMQLMESEQKRVNKEESLQMQVQDILEQNEALKAQIQQFHSQIAAQTSASVLAEELHKVIAEKDKQIKQTEDSLASERDRLTSKEEELKDIQNMNFLLKAEVQKLQALANEQAAAAHELEKMQQSVYVKDDKIRLLEEQLQHEISNKMEEFKILNDQNKALKSEVQKLQTLVSEQPNKDVVEQMEKCIQEKDEKLKTVEELLETGLIQVATKEEELNAIRTENSSLTKEVQDLKAKQNDQVSFASLVEELKKVIHEKDGKIKSVEELLEAELLKVANKEKTVQDLKQEIKALKEEIGNVQLEKAQQLSITSKVQELQNLLKGKEEQMNTMKAVLEEKEKDLANTGKWLQDLQEENESLKAHVQEVAQHNLKEASSASQFEELEIVLKEKENELKRLEAMLKERESDLSSKTQLLQDVQDENKLFKSQIEQLKQQNYQQASSFPPHEELLKVISEREKEISGLWNELDSLKDAVEHQRKKNNDLREKNWEAMEALASTEKMLQDKVNKTSKERQQQVEAVELEAKEVLKKLFPKVSVPSNLSYGEWLHGFEKKAKECMAGTSGSEEVKVLEHKLKEADEMHTLLQLECEKYKSVLAETEGILQKLQRSVEQEENKWKVKVDESHKTIKQMQSSFTSSEQELERLRSENKDIENLRREREHLEMELEKAEMERSTYVTEVRELKDLLTELQKKLDDSYSEAVRQNEELNLLKAQLNETLTKLRTEQNERQKVAGDLHKAQQSLELIQSKIVKAAGDTTVIENSDVSPETESSEKETMSVSLNQTVTQLQQLLQAVNQQLTKEKEHYQVLE,638,10,DIQN,4,642,LASERDRLTSKEEELKDIQN,NFLLKAEVQKLQALANEQAA,Q86UP2,34,M,642,83.74,3.531,4.54,5.906,4.069,7.059,6.902,6.443,5.983,2.448,3.59,3.058,4.628,HELX_RH_AL_P,HELX,0,1,0,0,0,0,0,0,0,2,2,2,5,7,8,8,12,20,27,0.0,0.0,0.0,0.0,2.0,2.0,3.142857142857143,5.285714285714286,6.333333333333333,7.714285714285714,7.714285714285714,12.0,19.80952380952381,26.952380952380953,1
19,TLNMTTSPEEK,TLNMTTSPEEK,TLNM[649.3660]TTSPEEK,TLNM[655.3735]TTSPEEK,,4.326811009,4.402971182,4.66173233,,sp|P49915|GUAA_HUMAN,P49915,GUAA_HUMAN,GMPS,GMP synthase [glutamine-hydrolyzing],4.463838174,0.0005152075764,P49915_M328,0,MALCNGDSKLENAGGDLKDGHHHYEGAVVILDAGAQYGKVIDRRVRELFVQSEIFPLETPAFAIKEQGFRAIIISGGPNSVYAEDAPWFDPAIFTIGKPVLGICYGMQMMNKVFGGTVHKKSVREDGVFNISVDNTCSLFRGLQKEEVVLLTHGDSVDKVADGFKVVARSGNIVAGIANESKKLYGAQFHPEVGLTENGKVILKNFLYDIAGCSGTFTVQNRELECIREIKERVGTSKVLVLLSGGVDSTVCTALLNRALNQEQVIAVHIDNGFMRKRESQSVEEALKKLGIQVKVINAAHSFYNGTTTLPISDEDRTPRKRISKTLNMTTSPEEKRKIIGDTFVKIANEVIGEMNLKPEEVFLAQGTLRPDLIESASLVASGKAELIKTHHNDTELIRKLREEGKVIEPLKDFHKDEVRILGRELGLPEELVSRHPFPGPGLAIRVICAEEPYICKDFPETNNILKIVADFSASVKKPHTLLQRVKACTTEEDQEKLMQITSLHSLNAFLLPIKTVGVQGDCRSYSYVCGISSKDEPDWESLIFLARLIPRMCHNVNRVVYIFGPPVKEPPTDVTPTFLTTGVLSTLRQADFEAHNILRESGYAGKISQMPVILTPLHFDRDPLQKQPSCQRSVVIRTFITSDFMTGIPATPGNEIPVEVVLKMVTEIKKIPGISRIMYDLTSKPPGTTEWE,325,11,TLN,3,328,TLPISDEDRTPRKRISKTLN,TTSPEEKRKIIGDTFVKIAN,P49915,14,M,328,96.55,22.929,24.113,25.062,23.672,-15.024,-14.75,-15.96,-14.438,-4.275,-3.332,-3.302,-1.964,HELX_RH_3T_P,HELX,0,1,0,0,0,0,0,0,0,2,2,2,4,4,4,6,20,49,101,0.0,0.0,0.0,0.0,1.9047619047619047,1.9047619047619047,2.238095238095238,3.5714285714285716,4.523809523809524,5.9523809523809526,6.809523809523809,17.523809523809526,48.666666666666664,92.47619047619048,0
20,SAEFLLHMLK,SAEFLLHMLK,SAEFLLHM[649.3660]LK,SAEFLLHM[655.3735]LK,,,4.792997561,,4.179188376,sp|P18621|RL17_HUMAN,P18621,RL17_HUMAN,RPL17,Large ribosomal subunit protein uL22,4.486092969,0.04348495986,P18621_M93,0,MVRYSLDPENPTKSCKSRGSNLRVHFKNTRETAQAIKGMHIRKATKYLKDVTLQKQCVPFRRYNGGVGRCAQAKQWGWTQGRWPKKSAEFLLHMLKNAESNAELKGLDVDSLVIEHIQVNKAPKMRRRTYRAHGRINPYMSSPCHIEMILTEKEQIVPKPEEEVAQKKKISQKKLKKQKLMARE,86,10,SAEFLLH,7,93,KQWGWTQGRWPKKSAEFLLH,LKNAESNAELKGLDVDSLVI,P18621,7,M,93,96.16,-12.326,-11.617,-10.185,-11.632,1.402,1.35,0.874,2.622,-2.543,-3.895,-3.681,-4.616,HELX_RH_AL_P,HELX,0,1,0,0,0,0,0,0,0,2,2,3,6,6,8,8,22,77,113,0.0,0.0,0.0,0.0,2.0,2.0,2.2857142857142856,5.0476190476190474,5.9523809523809526,8.0,8.380952380952381,21.666666666666668,59.57142857142857,98.28571428571429,0
21,IHPMAYQLQLQAASNFK,IHPMAYQLQLQAASNFK,IHPM[649.3660]AYQLQLQAASNFK,IHPM[655.3735]AYQLQLQAASNFK,4.896223925,5.825113969,4.648694292,,4.58188934,sp|P67870|CSK2B_HUMAN,P67870,CSK2B_HUMAN,CSNK2B,Casein kinase II subunit beta,4.987980381,0.0004156415115,P67870_M194,0,MSSSEEVSWISWFCGLRGNEFFCEVDEDYIQDKFNLTGLNEQVPHYRQALDMILDLEPDEELEDNPNQSDLIEQAAEMLYGLIHARYILTNRGIAQMLEKYQQGDFGYCPRVYCENQPMLPIGLSDIPGEAMVKLYCPKCMDVYTPKSSRHHHTDGAYFGTGFPHMLFMVHPEYRPKRPANQFVPRLYGFKIHPMAYQLQLQAASNFKSPVKTIR,191,17,IHP,3,194,RPKRPANQFVPRLYGFKIHP,AYQLQLQAASNFKSPVKTIR,P67870,24,M,194,96.42,-9.91,-10.391,-10.899,-11.416,-2.36,-1.013,-0.123,-1.119,37.899,37.332,38.477,36.279,TURN_TY1_P,TURN,0,0,0,1,0,0,0,0,0,2,2,2,2,2,3,5,8,18,25,0.0,0.0,0.0,0.0,2.0,2.0952380952380953,2.142857142857143,3.5238095238095237,4.333333333333333,5.761904761904762,6.333333333333333,9.476190476190476,15.761904761904763,23.571428571428573,1
22,LMVHTVATFNSIK,LMVHTVATFNSIK,LM[649.3660]VHTVATFNSIK,LM[655.3735]VHTVATFNSIK,,,5.042147299,4.979339798,,sp|Q13813|SPTN1_HUMAN,Q13813,SPTN1_HUMAN,SPTAN1,"Spectrin alpha chain, non-erythrocytic 1",5.010743548,0.003989824352,Q13813_M1197,0,MDPSGVKVLETAEDIQERRQQVLDRYHRFKELSTLRRQKLEDSYRFQFFQRDAEELEKWIQEKLQIASDENYKDPTNLQGKLQKHQAFEAEVQANSGAIVKLDETGNLMISEGHFASETIRTRLMELHRQWELLLEKMREKGIKLLQAQKLVQYLRECEDVMDWINDKEAIVTSEELGQDLEHVEVLQKKFEEFQTDMAAHEERVNEVNQFAAKLIQEQHPEEELIKTKQDEVNAAWQRLKGLALQRQGKLFGAAEVQRFNRDVDETISWIKEKEQLMASDDFGRDLASVQALLRKHEGLERDLAALEDKVKALCAEADRLQQSHPLSATQIQVKREELITNWEQIRTLAAERHARLNDSYRLQRFLADFRDLTSWVTEMKALINADELASDVAGAEALLDRHQEHKGEIDAHEDSFKSADESGQALLAAGHYASDEVREKLTVLSEERAALLELWELRRQQYEQCMDLQLFYRDTEQVDNWMSKQEAFLLNEDLGDSLDSVEALLKKHEDFEKSLSAQEEKITALDEFATKLIQNNHYAMEDVATRRDALLSRRNALHERAMRRRAQLADSFHLQQFFRDSDELKSWVNEKMKTATDEAYKDPSNLQGKVQKHQAFEAELSANQSRIDALEKAGQKLIDVNHYAKDEVAARMNEVISLWKKLLEATELKGIKLREANQQQQFNRNVEDIELWLYEVEGHLASDDYGKDLTNVQNLQKKHALLEADVAAHQDRIDGITIQARQFQDAGHFDAENIKKKQEALVARYEALKEPMVARKQKLADSLRLQQLFRDVEDEETWIREKEPIAASTNRGKDLIGVQNLLKKHQALQAEIAGHEPRIKAVTQKGNAMVEEGHFAAEDVKAKLHELNQKWEALKAKASQRRQDLEDSLQAQQYFADANEAESWMREKEPIVGSTDYGKDEDSAEALLKKHEALMSDLSAYGSSIQALREQAQSCRQQVAPTDDETGKELVLALYDYQEKSPREVTMKKGDILTLLNSTNKDWWKVEVNDRQGFVPAAYVKKLDPAQSASRENLLEEQGSIALRQEQIDNQTRITKEAGSVSLRMKQVEELYHSLLELGEKRKGMLEKSCKKFMLFREANELQQWINEKEAALTSEEVGADLEQVEVLQKKFDDFQKDLKANESRLKDINKVAEDLESEGLMAEEVQAVQQQEVYGMMPRDETDSKTASPWKSARLMVHTVATFNSIKELNERWRSLQQLAEERSQLLGSAHEVQRFHRDADETKEWIEEKNQALNTDNYGHDLASVQALQRKHEGFERDLAALGDKVNSLGETAERLIQSHPESAEDLQEKCTELNQAWSSLGKRADQRKAKLGDSHDLQRFLSDFRDLMSWINGIRGLVSSDELAKDVTGAEALLERHQEHRTEIDARAGTFQAFEQFGQQLLAHGHYASPEIKQKLDILDQERADLEKAWVQRRMMLDQCLELQLFHRDCEQAENWMAAREAFLNTEDKGDSLDSVEALIKKHEDFDKAINVQEEKIAALQAFADQLIAAGHYAKGDISSRRNEVLDRWRRLKAQMIEKRSKLGESQTLQQFSRDVDEIEAWISEKLQTASDESYKDPTNIQSKHQKHQAFEAELHANADRIRGVIDMGNSLIERGACAGSEDAVKARLAALADQWQFLVQKSAEKSQKLKEANKQQNFNTGIKDFDFWLSEVEALLASEDYGKDLASVNNLLKKHQLLEADISAHEDRLKDLNSQADSLMTSSAFDTSQVKDKRDTINGRFQKIKSMAASRRAKLNESHRLHQFFRDMDDEESWIKEKKLLVGSEDYGRDLTGVQNLRKKHKRLEAELAAHEPAIQGVLDTGKKLSDDNTIGKEEIQQRLAQFVEHWKELKQLAAARGQRLEESLEYQQFVANVEEEEAWINEKMTLVASEDYGDTLAAIQGLLKKHEAFETDFTVHKDRVNDVCTNGQDLIKKNNHHEENISSKMKGLNGKVSDLEKAAAQRKAKLDENSAFLQFNWKADVVESWIGEKENSLKTDDYGRDLSSVQTLLTKQETFDAGLQAFQQEGIANITALKDQLLAAKHVQSKAIEARHASLMKRWSQLLANSAARKKKLLEAQSHFRKVEDLFLTFAKKASAFNSWFENAEEDLTDPVRCNSLEEIKALREAHDAFRSSLSSAQADFNQLAELDRQIKSFRVASNPYTWFTMEALEETWRNLQKIIKERELELQKEQRRQEENDKLRQEFAQHANAFHQWIQETRTYLLDGSCMVEESGTLESQLEATKRKHQEIRAMRSQLKKIEDLGAAMEEALILDNKYTEHSTVGLAQQWDQLDQLGMRMQHNLEQQIQARNTTGVTEEALKEFSMMFKHFDKDKSGRLNHQEFKSCLRSLGYDLPMVEEGEPDPEFEAILDTVDPNRDGHVSLQEYMAFMISRETENVKSSEEIESAFRALSSEGKPYVTKEELYQNLTREQADYCVSHMKPYVDGKGRELPTAFDYVEFTRSLFVN,1196,13,L,1,1197,MMPRDETDSKTASPWKSARL,VHTVATFNSIKELNERWRSL,Q13813,28,M,1197,36.74,-70.975,-70.075,-70.855,-69.55,11.401,11.396,11.958,10.056,-1.295,-2.544,-3.744,-2.866,HELX_RH_AL_P,HELX,0,1,0,0,0,0,0,0,0,1,1,2,2,2,2,2,8,14,20,0.0,0.0,0.0,0.0,1.380952380952381,1.380952380952381,1.9523809523809523,1.9523809523809523,2.0,2.0952380952380953,2.3333333333333335,7.0,13.523809523809524,23.142857142857142,1
23,EYRQMVETELK,EYRQMVETELK,EYRQM[649.3660]VETELK,EYRQM[655.3735]VETELK,4.934451168,,,5.316878802,,sp|P62258|1433E_HUMAN,P62258,1433E_HUMAN,YWHAE,14-3-3 protein epsilon,5.125664985,0.0237382026,P62258_M87,0,MDDREDLVYQAKLAEQAERYDEMVESMKKVAGMDVELTVEERNLLSVAYKNVIGARRASWRIISSIEQKEENKGGEDKLKMIREYRQMVETELKLICCDILDVLDKHLIPAANTGESKVFYYKMKGDYHRYLAEFATGNDRKEAAENSLVAYKAASDIAMTELPPTHPIRLGLALNFSVFYYEILNSPDRACRLAKAAFDDAIAELDTLSEESYKDSTLIMQLLRDNLTLWTSDMQGDGEEQNKEALQDVEDENQ,83,11,EYRQ,4,87,QKEENKGGEDKLKMIREYRQ,VETELKLICCDILDVLDKHL,P62258,21,M,87,98.25,-12.245,-12.904,-14.291,-13.028,-15.195,-16.376,-16.691,-16.103,5.212,5.937,5.363,7.372,HELX_RH_AL_P,HELX,0,1,0,0,0,0,0,0,0,2,2,2,6,6,8,8,17,42,71,0.0,0.0,0.0,0.0,2.0,2.0,2.1904761904761907,5.0476190476190474,5.9523809523809526,7.904761904761905,8.523809523809524,19.714285714285715,46.666666666666664,80.33333333333333,0
24,MGPAIER,MGPAIER,M[649.3660]GPAIER,M[655.3735]GPAIER,5.093682552,,,,5.238840575,sp|P52272|HNRPM_HUMAN,P52272,HNRPM_HUMAN,HNRNPM,Heterogeneous nuclear ribonucleoprotein M,5.166261564,0.008943061449,P52272_M517,0,MAAGVEAAAEVAATEIKMEEESGAPGVPSGNGAPGPKGEGERPAQNEKRKEKNIKRGGNRFEPYANPTKRYRAFITNIPFDVKWQSLKDLVKEKVGEVTYVELLMDAEGKSRGCAVVEFKMEESMKKAAEVLNKHSLSGRPLKVKEDPDGEHARRAMQKVMATTGGMGMGPGGPGMITIPPSILNNPNIPNEIIHALQAGRLGSTVFVANLDYKVGWKKLKEVFSMAGVVVRADILEDKDGKSRGIGTVTFEQSIEAVQAISMFNGQLLFDRPMHVKMDERALPKGDFFPPERPQQLPHGLGGIGMGLGPGGQPIDANHLNKGIGMGNIGPAGMGMEGIGFGINKMGGMEGPFGGGMENMGRFGSGMNMGRINEILSNALKRGEIIAKQGGGGGGGSVPGIERMGPGIDRLGGAGMERMGAGLGHGMDRVGSEIERMGLVMDRMGSVERMGSGIERMGPLGLDHMASSIERMGQTMERIGSGVERMGAGMGFGLERMAAPIDRVGQTIERMGSGVERMGPAIERMGLSMERMVPAGMGAGLERMGPVMDRMATGLERMGANNLERMGLERMGANSLERMGLERMGANSLERMGPAMGPALGAGIERMGLAMGGGGGASFDRAIEMERGNFGGSFAGSFGGAGGHAPGVARKACQIFVRNLPFDFTWKMLKDKFNECGHVLYADIKMENGKSKGCGVVKFESPEVAERACRMMNGMKLSGREIDVRIDRNA,517,7,,0,517,AAPIDRVGQTIERMGSGVER,GPAIERMGLSMERMVPAGMG,P52272,15,M,517,35.58,35.639,34.457,33.439,33.792,-30.022,-30.997,-30.623,-31.263,-8.686,-8.818,-9.91,-7.527,BEND,BEND,1,0,0,0,0,0,0,0,0,1,1,2,2,2,2,2,5,8,11,0.0,0.0,0.0,0.19047619047619047,1.1428571428571428,1.2380952380952381,1.8571428571428572,1.8571428571428572,2.0,2.0,2.0476190476190474,5.333333333333333,8.666666666666666,11.714285714285714,1
25,ADMQNLVER,n[42.0106]ADMQNLVER,n[42.0106]ADM[649.3660]QNLVER,n[42.0106]ADM[655.3735]QNLVER,,,6.328780918,4.687169762,4.748217525,sp|Q01518|CAP1_HUMAN,Q01518,CAP1_HUMAN,CAP1,Adenylyl cyclase-associated protein 1,5.254722735,0.0102947648,Q01518_M3,0,MADMQNLVERLERAVGRLEAVSHTSDMHRGYADSPSKAGAAPYVQAFDSLLAGPVAEYLKISKEIGGDVQKHAEMVHTGLKLERALLVTASQCQQPAENKLSDLLAPISEQIKEVITFREKNRGSKLFNHLSAVSESIQALGWVAMAPKPGPYVKEMNDAAMFYTNRVLKEYKDVDKKHVDWVKAYLSIWTELQAYIKEFHTTGLAWSKTGPVAKELSGLPSGPSAGSCPPPPPPCPPPPPVSTISCSYESASRSSLFAQINQGESITHALKHVSDDMKTHKNPALKAQSGPVRSGPKPFSAPKPQTSPSPKRATKKEPAVLELEGKKWRVENQENVSNLVIEDTELKQVAYIYKCVNTTLQIKGKINSITVDNCKKLGLVFDDVVGIVEIINSKDVKVQVMGKVPTISINKTDGCHAYLSKNSLDCEIVSAKSSEMNVLIPTEGGDFNEFPVPEQFKTLWNGQKLVTTVTEIAG,1,9,AD,2,3,MA,QNLVERLERAVGRLEAVSHT,Q01518,26,M,3,68.57,-8.328,-9.557,-10.122,-9.248,-23.65,-22.884,-23.555,-21.469,-29.86,-30.351,-31.609,-30.583,HELX_RH_AL_P,HELX,0,1,0,0,0,0,0,0,0,2,2,2,3,3,5,5,9,12,16,0.0,0.0,0.0,0.0,1.7142857142857142,1.7142857142857142,2.2142857142857144,4.142857142857143,4.571428571428571,6.0,6.357142857142857,9.714285714285714,14.857142857142858,18.357142857142858,1
26,MDMSLDDIIK,MDMSLDDIIK,M[649.3660]DMSLDDIIK,M[655.3735]DMSLDDIIK,5.591512645,6.189852453,,,,sp|Q86V81|THOC4_HUMAN,Q86V81,THOC4_HUMAN,ALYREF,THO complex subunit 4,5.890682549,0.03230423257,Q86V81_M4,0,MADKMDMSLDDIIKLNRSQRGGRGGGRGRGRAGSQGGRGGGAQAAARVNRGGGPIRNRPAIARGAAGGGGRNRPAPYSRPKQLPDKWQHDLFDSGFGGGAGVETGGKLLVSNLDFGVSDADIQELFAEFGTLKKAAVHYDRSGRSLGTADVHFERKADALKAMKQYNGVPLDGRPMNIQLVTSQIDAQRRPAQSVNRGGMTRNRGAGGFGGGGGTRRGTRGGARGRGRGAGRNSKQQLSAEELDAQLDAYNARMDTS,4,10,,0,4,MAD,DMSLDDIIKLNRSQRGGRGG,Q86V81,35,M,4,81.32,28.256,26.856,26.888,26.338,24.717,24.887,24.515,26.246,-2.513,-3.126,-4.62,-2.998,TURN_TY1_P,TURN,0,0,0,1,0,0,0,0,0,2,2,2,2,2,3,4,5,10,16,0.0,0.0,0.0,0.0,1.8,1.8,1.9333333333333333,2.466666666666667,3.0,4.0,4.4,7.266666666666667,13.0,16.866666666666667,1
27,ITTMQLER,ITTMQLER,ITTM[649.3660]QLER,ITTM[655.3735]QLER,,,6.115380269,,5.70339194,sp|Q14152|EIF3A_HUMAN,Q14152,EIF3A_HUMAN,EIF3A,Eukaryotic translation initiation factor 3 subunit A,5.909386104,0.02218282525,Q14152_M735,0,MPAYFQRPENALKRANEFLEVGKKQPALDVLYDVMKSKKHRTWQKIHEPIMLKYLELCVDLRKSHLAKEGLYQYKNICQQVNIKSLEDVVRAYLKMAEEKTEAAKEESQQMVLDIEDLDNIQTPESVLLSAVSGEDTQDRTDRLLLTPWVKFLWESYRQCLDLLRNNSRVERLYHDIAQQAFKFCLQYTRKAEFRKLCDNLRMHLSQIQRHHNQSTAINLNNPESQSMHLETRLVQLDSAISMELWQEAFKAVEDIHGLFSLSKKPPKPQLMANYYNKVSTVFWKSGNALFHASTLHRLYHLSREMRKNLTQDEMQRMSTRVLLATLSIPITPERTDIARLLDMDGIIVEKQRRLATLLGLQAPPTRIGLINDMVRFNVLQYVVPEVKDLYNWLEVEFNPLKLCERVTKVLNWVREQPEKEPELQQYVPQLQNNTILRLLQQVSQIYQSIEFSRLTSLVPFVDAFQLERAIVDAARHCDLQVRIDHTSRTLSFGSDLNYATREDAPIGPHLQSMPSEQIRNQLTAMSSVLAKALEVIKPAHILQEKEEQHQLAVTAYLKNSRKEHQRILARRQTIEERKERLESLNIQREKEELEQREAELQKVRKAEEERLRQEAKEREKERILQEHEQIKKKTVRERLEQIKKTELGAKAFKDIDIEDLEELDPDFIMAKQVEQLEKEKKELQERLKNQEKKIDYFERAKRLEEIPLIKSAYEEQRIKDMDLWEQQEEERITTMQLEREKALEHKNRMSRMLEDRDLFVMRLKAARQSVYEEKLKQFEERLAEERHNRLEERKRQRKEERRITYYREKEEEEQRRAEEQMLKEREERERAERAKREEELREYQERVKKLEEVERKKRQRELEIEERERRREEERRLGDSSLSRKDSRWGDRDSEGTWRKGPEADSEWRRGPPEKEWRRGEGRDEDRSHRRDEERPRRLGDDEDREPSLRPDDDRVPRRGMDDDRGPRRGPEEDRFSRRGADDDRPSWRNTDDDRPPRRIADEDRGNWRHADDDRPPRRGLDEDRGSWRTADEDRGPRRGMDDDRGPRRGGADDERSSWRNADDDRGPRRGLDDDRGPRRGMDDDRGPRRGMDDDRGPRRGMDDDRGPRRGLDDDRGPWRNADDDRIPRRGAEDDRGPWRNMDDDRLSRRADDDRFPRRGDDSRPGPWRPLVKPGGWREKEKAREESWGPPRESRPSEEREWDREKERDRDNQDREENDKDPERERDRERDVDREDRFRRPRDEGGWRRGPAEESSSWRDSSRRDDRDRDDRRRERDDRRDLRERRDLRDDRDRRGPPLRSEREEVSSWRRADDRKDDRVEERDPPRRVPPPALSRDRERDRDREREGEKEKASWRAEKDRESLRRTKNETDEDGWTTVRR,732,8,ITT,3,735,EQRIKDMDLWEQQEEERITT,QLEREKALEHKNRMSRMLED,Q14152,29,M,735,83.75,-56.578,-55.404,-55.957,-54.383,-16.375,-16.756,-17.446,-17.588,45.072,44.151,42.894,44.813,HELX_RH_AL_P,HELX,0,1,0,0,0,0,0,0,0,2,2,3,5,7,8,8,12,19,27,0.0,0.0,0.0,0.0,2.0,2.0,2.7142857142857144,5.095238095238095,5.904761904761905,7.714285714285714,7.809523809523809,11.761904761904763,19.142857142857142,25.80952380952381,1
28,DDNMFQIGK,DDNMFQIGK,DDNM[649.3660]FQIGK,DDNM[655.3735]FQIGK,,6.753237156,6.552627825,,,sp|P53999|TCP4_HUMAN,P53999,TCP4_HUMAN,SUB1,Activated RNA polymerase II transcriptional coactivator p15,6.65293249,0.00959743628,P53999_M62,0,MPKSKELVSSSSSGSDSDSEVDKKLKRKKQVAPEKPVKKQKTGETSRALSSSKQSSSSRDDNMFQIGKMRYVSVRDFKGKVLIDIREYWMDPEGEMKPGRKGISLNPEQWSQLKEQISDIDDAVRKL,59,9,DDN,3,62,GETSRALSSSKQSSSSRDDN,FQIGKMRYVSVRDFKGKVLI,P53999,16,M,62,94.62,-10.942,-10.947,-10.169,-12.312,6.687,5.217,4.94,4.713,-10.601,-11.041,-12.335,-11.18,STRN,STRN,0,0,1,0,0,0,0,0,0,2,3,3,3,4,5,6,15,35,57,0.0,0.0,0.0,0.0,1.380952380952381,1.7142857142857142,2.1904761904761907,2.5238095238095237,3.4761904761904763,4.285714285714286,5.0,10.19047619047619,21.523809523809526,35.57142857142857,0
29,QYYTLLNQAPDMLHR,QYYTLLNQAPDMLHR,QYYTLLNQAPDM[649.3660]LHR,QYYTLLNQAPDM[655.3735]LHR,,6.785489286,,,7.254922064,sp|Q13283|G3BP1_HUMAN,Q13283,G3BP1_HUMAN,G3BP1,Ras GTPase-activating protein-binding protein 1,7.020205675,0.02127707642,Q13283_M28,0,MVMEKPSPLLVGREFVRQYYTLLNQAPDMLHRFYGKNSSYVHGGLDSNGKPADAVYGQKEIHRKVMSQNFTNCHTKIRHVDAHATLNDGVVVQVMGLLSNNNQALRRFMQTFVLAPEGSVANKFYVHNDIFRYQDEVFGGFVTEPQEESEEEVEEPEERQQTPEVVPDDSGTFYDQAVVSNDMEEHLEEPVAEPEPDPEPEPEQEPVSEIQEEKPEPVLEETAPEDAQKSSSPAPADIAQTVQEDLRTFSWASVTSKNLPPSGAVPVTGIPPHVVKVPASQPRPESKPESQIPPQRPQRDQRVREQRINIPPQRGPRPIREAGEQGDIEPRRMVRHPDSHQLFIGNLPHEVDKSELKDFFQSYGNVVELRINSGGKLPNFGFVVFDDSEPVQKVLSNRPIMFRGEVRLNVEEKKTRAAREGDRRDNRLRGPGGPRGGLGGGMRGPPRGGMVQKPGFGVGRGLAPRQ,17,15,QYYTLLNQAPD,11,28,LLVGREFVRQYYTLLNQAPD,LHRFYGKNSSYVHGGLDSNG,Q13283,27,M,28,97.39,-8.823,-9.74,-9.201,-11.131,12.991,14.151,15.487,13.996,-13.963,-14.377,-13.84,-13.946,HELX_RH_3T_P,HELX,0,1,0,0,0,0,0,0,0,2,2,2,4,6,6,6,15,43,82,0.0,0.0,0.0,0.0,2.0,2.1904761904761907,2.4761904761904763,4.095238095238095,5.809523809523809,7.095238095238095,7.761904761904762,19.333333333333332,51.61904761904762,93.76190476190476,0
30,AMLENEK,AMLENEK,AM[649.3660]LENEK,AM[655.3735]LENEK,,7.242825354,,7.219561908,,sp|P26038|MOES_HUMAN,P26038,MOES_HUMAN,MSN,Moesin,7.231193631,0.001024032653,P26038_M321,0,MPKTISVRVTTMDAELEFAIQPNTTGKQLFDQVVKTIGLREVWFFGLQYQDTKGFSTWLKLNKKVTAQDVRKESPLLFKFRAKFYPEDVSEELIQDITQRLFFLQVKEGILNDDIYCPPETAVLLASYAVQSKYGDFNKEVHKSGYLAGDKLLPQRVLEQHKLNKDQWEERIQVWHEEHRGMLREDAVLEYLKIAQDLEMYGVNYFSIKNKKGSELWLGVDALGLNIYEQNDRLTPKIGFPWSEIRNISFNDKKFVIKPIDKKAPDFVFYAPRLRINKRILALCMGNHELYMRRRKPDTIEVQQMKAQAREEKHQKQMERAMLENEKKKREMAEKEKEKIEREKEELMERLKQIEEQTKKAQQELEEQTRRALELEQERKRAQSEAEKLAKERQEAEEAKEALLQASRDQKKTQEQLALEMAELTARISQLEMARQKKESEAVEWQQKAQMVQEDLEKTRAELKTAMSTPHVAEPAENEQDEQDENGAEASADLRADAMAKDRSEEERTTEAEKNERVQKHLKALTSELANARDESKKTANDMIHAENMRLGRDKYKTLRQIRQGNTKQRIDEFESM,320,7,A,1,321,VQQMKAQAREEKHQKQMERA,LENEKKKREMAEKEKEKIER,P26038,10,M,321,92.11,18.065,17.004,16.048,16.24,4.268,3.472,4.399,2.581,-23.635,-24.404,-25.171,-23.526,HELX_RH_AL_P,HELX,0,1,0,0,0,0,0,0,0,2,2,2,5,5,8,8,12,19,35,0.0,0.0,0.0,0.0,2.0,2.0,2.2857142857142856,5.285714285714286,6.095238095238095,7.857142857142857,7.857142857142857,12.0,22.80952380952381,40.80952380952381,0
31,LMELHGEGSSSGK,LMELHGEGSSSGK,LM[649.3660]ELHGEGSSSGK,LM[655.3735]ELHGEGSSSGK,,7.763586325,6.877012968,,,sp|P61247|RS3A_HUMAN,P61247,RS3A_HUMAN,RPS3A,Small ribosomal subunit protein eS1,7.320299646,0.03850400745,P61247_M228,0,MAVGKNKRLTKGGKKGAKKKVVDPFSKKDWYDVKAPAMFNIRNIGKTLVTRTQGTKIASDGLKGRVFEVSLADLQNDEVAFRKFKLITEDVQGKNCLTNFHGMDLTRDKMCSMVKKWQTMIEAHVDVKTTDGYLLRLFCVGFTKKRNNQIRKTSYAQHQQVRQIRKKMMEIMTREVQTNDLKEVVNKLIPDSIGKDIEKACQSIYPLHDVFVRKVKMLKKPKFELGKLMELHGEGSSSGKATGDETGAKVERADGYEPPVQESV,227,13,L,1,228,DVFVRKVKMLKKPKFELGKL,ELHGEGSSSGKATGDETGAK,P61247,20,M,228,89.52,1.548,2.662,2.786,2.463,7.47,6.54,6.601,5.161,-19.51,-19.994,-21.523,-19.529,HELX_RH_AL_P,HELX,0,1,0,0,0,0,0,0,0,2,2,2,4,5,7,7,13,36,73,0.0,0.0,0.0,0.0,1.5238095238095237,1.5238095238095237,2.0,2.7142857142857144,3.0952380952380953,3.4761904761904763,4.0,8.476190476190476,23.476190476190474,50.904761904761905,0
32,DHFEEAMR,DHFEEAMR,DHFEEAM[649.3660]R,DHFEEAM[655.3735]R,,,,7.279391808,7.384375622,sp|P55072|TERA_HUMAN,P55072,TERA_HUMAN,VCP,Transitional endoplasmic reticulum ATPase,7.331883715,0.004557739369,P55072_M739,0,MASGADSKGDDLSTAILKQKNRPNRLIVDEAINEDNSVVSLSQPKMDELQLFRGDTVLLKGKKRREAVCIVLSDDTCSDEKIRMNRVVRNNLRVRLGDVISIQPCPDVKYGKRIHVLPIDDTVEGITGNLFEVYLKPYFLEAYRPIRKGDIFLVRGGMRAVEFKVVETDPSPYCIVAPDTVIHCEGEPIKREDEEESLNEVGYDDIGGCRKQLAQIKEMVELPLRHPALFKAIGVKPPRGILLYGPPGTGKTLIARAVANETGAFFFLINGPEIMSKLAGESESNLRKAFEEAEKNAPAIIFIDELDAIAPKREKTHGEVERRIVSQLLTLMDGLKQRAHVIVMAATNRPNSIDPALRRFGRFDREVDIGIPDATGRLEILQIHTKNMKLADDVDLEQVANETHGHVGADLAALCSEAALQAIRKKMDLIDLEDETIDAEVMNSLAVTMDDFRWALSQSNPSALRETVVEVPQVTWEDIGGLEDVKRELQELVQYPVEHPDKFLKFGMTPSKGVLFYGPPGCGKTLLAKAIANECQANFISIKGPELLTMWFGESEANVREIFDKARQAAPCVLFFDELDSIAKARGGNIGDGGGAADRVINQILTEMDGMSTKKNVFIIGATNRPDIIDPAILRPGRLDQLIYIPLPDEKSRVAILKANLRKSPVAKDVDLEFLAKMTNGFSGADLTEICQRACKLAIRESIESEIRRERERQTNPSAMEVEEDDPVPEIRRDHFEEAMRFARRSVSDNDIRKYEMFAQTLQQSRGFGSFRFPSGNQGGAGPSQGSGGGTGGSVYTEDNDDDLYG,733,8,DHFEEA,6,739,MEVEEDDPVPEIRRDHFEEA,RFARRSVSDNDIRKYEMFAQ,P55072,17,M,739,92.1,30.347,29.227,28.676,29.658,16.244,16.898,18.159,17.253,-33.989,-33.168,-33.851,-31.817,HELX_RH_AL_P,HELX,0,1,0,0,0,0,0,0,0,2,2,2,4,6,7,7,19,46,77,0.0,0.0,0.0,0.0,2.0,2.0,2.238095238095238,3.380952380952381,4.190476190476191,5.0476190476190474,5.761904761904762,13.714285714285714,38.714285714285715,67.38095238095238,0
33,RHEQMKK,RHEQMKK,RHEQM[649.3660]KK,RHEQM[655.3735]KK,,7.483031677,7.494194806,7.457201877,7.28398714,sp|Q16181|SEPT7_HUMAN,Q16181,SEPT7_HUMAN,SEPTIN7,Septin-7,7.429603875,6.384983247e-07,Q16181_M385,0,MSVSARSAAAEERSVNSSTMVAQQKNLEGYVGFANLPNQVYRKSVKRGFEFTLMVVGESGLGKSTLINSLFLTDLYSPEYPGPSHRIKKTVQVEQSKVLIKEGGVQLLLTIVDTPGFGDAVDNSNCWQPVIDYIDSKFEDYLNAESRVNRRQMPDNRVQCCLYFIAPSGHGLKPLDIEFMKRLHEKVNIIPLIAKADTLTPEECQQFKKQIMKEIQEHKIKIYEFPETDDEEENKLVKKIKDRLPLAVVGSNTIIEVNGKRVRGRQYPWGVAEVENGEHCDFTILRNMLIRTHMQDLKDVTNNVHYENYRSRKLAAVTYNGVDNNKNKGQLTKSPLAQMEEERREHVAKMKKMEMEMEQVFEMKVKEKVQKLKDSEAELQRRHEQMKKNLEAQHKELEEKRRQFEDEKANWEAQQRILEQQNSSRTLEKNKKKGKIF,381,7,RHEQ,4,385,KEKVQKLKDSEAELQRRHEQ,KKNLEAQHKELEEKRRQFED,Q16181,33,M,385,84.95,63.159,63.109,63.384,61.817,22.649,23.494,22.652,24.165,-78.13,-76.85,-75.597,-76.702,HELX_RH_AL_P,HELX,0,1,0,0,0,0,0,0,0,2,2,2,5,6,8,8,12,19,27,0.0,0.0,0.0,0.0,2.0,2.0,2.1904761904761907,5.238095238095238,5.904761904761905,7.666666666666667,7.666666666666667,12.0,18.904761904761905,26.19047619047619,1
34,RTHNDIIHNENMR,RTHNDIIHNENMR,RTHNDIIHNENM[649.3660]R,RTHNDIIHNENM[655.3735]R,7.174722828,7.859538396,7.678563825,7.474329058,7.767745115,sp|P15311|EZRI_HUMAN,P15311,EZRI_HUMAN,EZR,Ezrin,7.590979844,4.002626608e-07,P15311_M557,0,MPKPINVRVTTMDAELEFAIQPNTTGKQLFDQVVKTIGLREVWYFGLHYVDNKGFPTWLKLDKKVSAQEVRKENPLQFKFRAKFYPEDVAEELIQDITQKLFFLQVKEGILSDEIYCPPETAVLLGSYAVQAKFGDYNKEVHKSGYLSSERLIPQRVMDQHKLTRDQWEDRIQVWHAEHRGMLKDNAMLEYLKIAQDLEMYGINYFEIKNKKGTDLWLGVDALGLNIYEKDDKLTPKIGFPWSEIRNISFNDKKFVIKPIDKKAPDFVFYAPRLRINKRILQLCMGNHELYMRRRKPDTIEVQQMKAQAREEKHQKQLERQQLETEKKRRETVEREKEQMMREKEELMLRLQDYEEKTKKAERELSEQIQRALQLEEERKRAQEEAERLEADRMAALRAKEELERQAVDQIKSQEQLAAELAEYTAKIALLEEARRRKEDEVEEWQHRAKEAQDDLVKTKEELHLVMTAPPPPPPPVYEPVSYHVQESLQDEGAEPTGYSAELSSEGIRDDRNEEKRITEAEKNERVQRQLLTLSSELSQARDENKRTHNDIIHNENMRQGRDKYKTLRQIRQGNTKQRIDEFEAL,546,13,RTHNDIIHNEN,11,557,LSQARDENKRTHNDIIHNEN,RQGRDKYKTLRQIRQGNTKQ,P15311,6,M,557,94.58,5.107,5.368,5.37,6.631,25.289,23.792,23.46,23.354,-8.077,-7.841,-6.339,-8.445,HELX_RH_AL_P,HELX,0,1,0,0,0,0,0,0,0,2,2,2,6,7,8,8,12,50,107,0.0,0.0,0.0,0.0,2.0,2.0,2.1904761904761907,4.238095238095238,5.571428571428571,7.0476190476190474,7.428571428571429,17.0,52.666666666666664,111.28571428571429,0
35,AMEAVAAQGK,AMEAVAAQGK,AM[649.3660]EAVAAQGK,AM[655.3735]EAVAAQGK,8.617776046,7.403857599,,7.891325744,8.504622623,sp|P18669|PGAM1_HUMAN,P18669,PGAM1_HUMAN,PGAM1,Phosphoglycerate mutase 1,8.104395503,9.331913214e-05,P18669_M242,0,MAAYKLVLIRHGESAWNLENRFSGWYDADLSPAGHEEAKRGGQALRDAGYEFDICFTSVQKRAIRTLWTVLDAIDQMWLPVVRTWRLNERHYGGLTGLNKAETAAKHGEAQVKIWRRSYDVPPPPMEPDHPFYSNISKDRRYADLTEDQLPSCESLKDTIARALPFWNEEIVPQIKEGKRVLIAAHGNSLRGIVKHLEGLSEEAIMELNLPTGIPIVYELDKNLKPIKPMQFLGDEETVRKAMEAVAAQGKAKK,241,10,A,1,242,NLKPIKPMQFLGDEETVRKA,EAVAAQGKAKK,P18669,8,M,242,86.89,-3.455,-4.441,-4.372,-5.818,-12.509,-11.831,-12.483,-11.865,-3.91,-2.945,-1.559,-3.453,HELX_RH_AL_P,HELX,0,1,0,0,0,0,0,0,0,2,2,3,6,7,9,9,16,41,98,0.0,0.0,0.0,0.0,2.0,2.0,2.0476190476190474,3.619047619047619,4.333333333333333,5.761904761904762,5.761904761904762,11.476190476190476,31.047619047619047,70.23809523809524,0
36,TVTAMDVVYALK,TVTAMDVVYALK,TVTAM[649.3660]DVVYALK,TVTAM[655.3735]DVVYALK,,,,8.683690501,7.823751871,sp|P62805|H4_HUMAN,P62805,H4_HUMAN,H4C1,Histone H4,8.253721186,0.03313411632,P62805_M84,0,MSGRGKGGKGLGKGGAKRHRKVLRDNIQGITKPAIRRLARRGGVKRISGLIYEETRGVLKVFLENVIRDAVTYTEHAKRKTVTAMDVVYALKRQGRTLYGFGG,80,12,TVTA,4,84,NVIRDAVTYTEHAKRKTVTA,DVVYALKRQGRTLYGFGG,P62805,22,M,84,96.3,-1.362,-0.816,-0.394,0.294,10.421,11.818,12.512,11.808,-13.816,-13.521,-14.823,-12.566,HELX_RH_AL_P,HELX,0,1,0,0,0,0,0,0,0,2,2,3,5,5,6,6,14,39,44,0.0,0.0,0.0,0.0,2.0,2.0,2.380952380952381,4.333333333333333,5.333333333333333,6.428571428571429,7.142857142857143,16.095238095238095,31.047619047619047,42.38095238095238,0
37,EVFSMAGVVVR,EVFSMAGVVVR,EVFSM[649.3660]AGVVVR,EVFSM[655.3735]AGVVVR,9.016398212,,,,7.814215335,sp|P52272|HNRPM_HUMAN,P52272,HNRPM_HUMAN,HNRNPM,Heterogeneous nuclear ribonucleoprotein M,8.415306774,0.0453955988,P52272_M225,0,MAAGVEAAAEVAATEIKMEEESGAPGVPSGNGAPGPKGEGERPAQNEKRKEKNIKRGGNRFEPYANPTKRYRAFITNIPFDVKWQSLKDLVKEKVGEVTYVELLMDAEGKSRGCAVVEFKMEESMKKAAEVLNKHSLSGRPLKVKEDPDGEHARRAMQKVMATTGGMGMGPGGPGMITIPPSILNNPNIPNEIIHALQAGRLGSTVFVANLDYKVGWKKLKEVFSMAGVVVRADILEDKDGKSRGIGTVTFEQSIEAVQAISMFNGQLLFDRPMHVKMDERALPKGDFFPPERPQQLPHGLGGIGMGLGPGGQPIDANHLNKGIGMGNIGPAGMGMEGIGFGINKMGGMEGPFGGGMENMGRFGSGMNMGRINEILSNALKRGEIIAKQGGGGGGGSVPGIERMGPGIDRLGGAGMERMGAGLGHGMDRVGSEIERMGLVMDRMGSVERMGSGIERMGPLGLDHMASSIERMGQTMERIGSGVERMGAGMGFGLERMAAPIDRVGQTIERMGSGVERMGPAIERMGLSMERMVPAGMGAGLERMGPVMDRMATGLERMGANNLERMGLERMGANSLERMGLERMGANSLERMGPAMGPALGAGIERMGLAMGGGGGASFDRAIEMERGNFGGSFAGSFGGAGGHAPGVARKACQIFVRNLPFDFTWKMLKDKFNECGHVLYADIKMENGKSKGCGVVKFESPEVAERACRMMNGMKLSGREIDVRIDRNA,221,11,EVFS,4,225,VFVANLDYKVGWKKLKEVFS,AGVVVRADILEDKDGKSRGI,P52272,15,M,225,89.24,8.426,9.248,10.678,8.641,9.87,8.632,8.764,7.361,10.484,10.896,10.352,10.467,TURN_TY1_P,TURN,0,0,0,1,0,0,0,0,0,2,2,2,3,4,4,4,12,36,67,0.0,0.0,0.0,0.0,2.0,2.0476190476190474,2.3333333333333335,3.4285714285714284,4.285714285714286,5.523809523809524,6.619047619047619,15.857142857142858,45.285714285714285,70.28571428571429,0
38,QEMQEVQSSR,QEMQEVQSSR,QEM[649.3660]QEVQSSR,QEM[655.3735]QEVQSSR,8.65268187,8.353067924,8.195149743,8.408691376,8.504803716,sp|P22626|ROA2_HUMAN,P22626,ROA2_HUMAN,HNRNPA2B1,Heterogeneous nuclear ribonucleoproteins A2/B1,8.422878926,4.03960552e-08,P22626_M192,0,MEKTLETVPLERKKREKEQFRKLFIGGLSFETTEESLRNYYEQWGKLTDCVVMRDPASKRSRGFGFVTFSSMAEVDAAMAARPHSIDGRVVEPKRAVAREESGKPGAHVTVKKLFVGGIKEDTEEHHLRDYFEEYGKIDTIEIITDRQSGKKRGFGFVTFDDHDPVDKIVLQKYHTINGHNAEVRKALSRQEMQEVQSSRSGRGGNFGFGDSRGGGGNFGPGPGSNFRGGSDGYGSGRGFGDGYNGYGGGPGGGNFGGSPGYGGGRGGYGGGGPGYGNQGGGYGGGYDNYGGGNYGSGNYNDFGNYNQQPSNYGPMKSGNFGGSRNMGGPYGGGNYGPGGSGGSGGYGGRSRY,190,10,QE,2,192,KYHTINGHNAEVRKALSRQE,QEVQSSRSGRGGNFGFGDSR,P22626,9,M,192,76.51,16.609,15.336,15.472,14.942,0.22,1.047,1.952,1.844,1.837,1.586,0.354,2.75,HELX_RH_AL_P,HELX,0,1,0,0,0,0,0,0,0,2,2,2,2,3,7,7,9,17,37,0.0,0.0,0.0,0.0,1.4761904761904763,1.4761904761904763,2.0476190476190474,2.3333333333333335,2.9523809523809526,3.9047619047619047,4.476190476190476,10.761904761904763,25.285714285714285,45.57142857142857,0
39,LFPLIQAMHPTLAGK,LFPLIQAMHPTLAGK,LFPLIQAM[649.3660]HPTLAGK,LFPLIQAM[655.3735]HPTLAGK,,,,8.329679885,8.527947869,sp|P11940|PABP1_HUMAN,P11940,PABP1_HUMAN,PABPC1,Polyadenylate-binding protein 1,8.428813877,0.007487144777,P11940_M572,0,MNPSAPSYPMASLYVGDLHPDVTEAMLYEKFSPAGPILSIRVCRDMITRRSLGYAYVNFQQPADAERALDTMNFDVIKGKPVRIMWSQRDPSLRKSGVGNIFIKNLDKSIDNKALYDTFSAFGNILSCKVVCDENGSKGYGFVHFETQEAAERAIEKMNGMLLNDRKVFVGRFKSRKEREAELGARAKEFTNVYIKNFGEDMDDERLKDLFGKFGPALSVKVMTDESGKSKGFGFVSFERHEDAQKAVDEMNGKELNGKQIYVGRAQKKVERQTELKRKFEQMKQDRITRYQGVNLYVKNLDDGIDDERLRKEFSPFGTITSAKVMMEGGRSKGFGFVCFSSPEEATKAVTEMNGRIVATKPLYVALAQRKEERQAHLTNQYMQRMASVRAVPNPVINPYQPAPPSGYFMAAIPQTQNRAAYYPPSQIAQLRPSPRWTAQGARPHPFQNMPGAIRPAAPRPPFSTMRPASSQVPRVMSTQRVANTSTQTMGPRPAAAAAAATPAVRTVPQYKYAAGVRNPQQHLNAQPQVTMQQPAVHVQGQEPLTASMLASAPPQEQKQMLGERLFPLIQAMHPTLAGKITGMLLEIDNSELLHMLESPESLRSKVDEAVAVLQAHQAKEAAQKAVNSATGVPTV,565,15,LFPLIQA,7,572,APPQEQKQMLGERLFPLIQA,HPTLAGKITGMLLEIDNSEL,P11940,5,M,572,91.28,-4.865,-6.339,-7.048,-6.51,25.805,26.229,25.558,27.686,33.657,33.623,32.439,33.528,HELX_RH_AL_P,HELX,0,1,0,0,0,0,0,0,0,2,2,2,3,3,4,4,13,34,53,0.0,0.0,0.0,0.0,2.0,2.0,2.142857142857143,3.8095238095238093,5.0476190476190474,6.0,6.809523809523809,15.285714285714286,40.0,61.42857142857143,0
40,HQGVMVGMGQK,HQGVMVGMGQK,HQGVMVGM[649.3660]GQK,HQGVMVGM[655.3735]GQK,9.078375598,7.715460272,8.621949354,,,sp|P63261|ACTG_HUMAN,P63261,ACTG_HUMAN,ACTG1,"Actin, cytoplasmic 2",8.471928408,0.002227638609,P63261_M46,0,MEEEIAALVIDNGSGMCKAGFAGDDAPRAVFPSIVGRPRHQGVMVGMGQKDSYVGDEAQSKRGILTLKYPIEHGIVTNWDDMEKIWHHTFYNELRVAPEEHPVLLTEAPLNPKANREKMTQIMFETFNTPAMYVAIQAVLSLYASGRTTGIVMDSGDGVTHTVPIYEGYALPHAILRLDLAGRDLTDYLMKILTERGYSFTTTAEREIVRDIKEKLCYVALDFEQEMATAASSSSLEKSYELPDGQVITIGNERFRCPEALFQPSFLGMESCGIHETTFNSIMKCDVDIRKDLYANTVLSGGTTMYPGIADRMQKEITALAPSTMKIKIIAPPERKYSVWIGGSILASLSTFQQMWISKQEYDESGPSIVHRKCF,39,11,HQGVMVG,7,46,PRAVFPSIVGRPRHQGVMVG,GQKDSYVGDEAQSKRGILTL,P63261,23,M,46,62.98,-28.055,-26.782,-25.509,-26.811,-15.804,-16.635,-15.791,-17.27,-18.997,-19.15,-18.977,-20.47,BEND,BEND,1,0,0,0,0,0,0,0,0,0,0,2,2,2,2,2,5,6,13,0.0,0.0,0.0,0.0,1.4285714285714286,1.4761904761904763,2.238095238095238,2.5238095238095237,2.9523809523809526,3.5714285714285716,4.095238095238095,9.761904761904763,25.285714285714285,46.38095238095238,0
41,TAMAAAK,TAMAAAK,TAM[649.3660]AAAK,TAM[655.3735]AAAK,,8.431434861,,,9.687591186,sp|P83731|RL24_HUMAN,P83731,RL24_HUMAN,RPL24,Large ribosomal subunit protein eL24,9.059513024,0.04406508517,P83731_M126,0,MKVELCSFSGYKIYPGHGRRYARTDGKVFQFLNAKCESAFLSKRNPRQINWTVLYRRKHKKGQSEEIQKKRTRRAVKFQRAITGASLADIMAKRNQKPEVRKAQREQAIRAAKEAKKAKQASKKTAMAAAKAPTKAAPKQKIVKPVKVSAPRVGGKR,124,7,TA,2,126,QAIRAAKEAKKAKQASKKTA,AAAKAPTKAAPKQKIVKPVK,P83731,25,M,126,62.37,-71.282,-69.895,-69.525,-68.842,10.5,10.834,9.83,10.882,36.981,36.414,35.314,37.44,HELX_RH_AL_P,HELX,0,1,0,0,0,0,0,0,0,0,0,1,1,2,2,2,7,13,17,0.0,0.0,0.0,0.047619047619047616,0.7142857142857143,0.7142857142857143,1.4285714285714286,1.7142857142857142,2.3333333333333335,3.0,3.1904761904761907,6.619047619047619,11.904761904761905,16.142857142857142,1
42,ETMQSLNDR,ETMQSLNDR,ETM[649.3660]QSLNDR,ETM[655.3735]QSLNDR,,9.407117064,9.235582906,,10.1882233,sp|P05783|K1C18_HUMAN,P05783,K1C18_HUMAN,KRT18,"Keratin, type I cytoskeletal 18",9.610307756,0.0009293053841,P05783_M83,0,MSFTTRSTFSTNYRSLGSVQAPSYGARPVSSAASVYAGAGGSGSRISVSRSTSFRGGMGSGGLATGIAGGLAGMGGIQNEKETMQSLNDRLASYLDRVRSLETENRRLESKIREHLEKKGPQVRDWSHYFKIIEDLRAQIFANTVDNARIVLQIDNARLAADDFRVKYETELAMRQSVENDIHGLRKVIDDTNITRLQLETEIEALKEELLFMKKNHEEEVKGLQAQIASSGLTVEVDAPKSQDLAKIMADIRAQYDELARKNREELDKYWSQQIEESTTVVTTQSAEVGAAETTLTELRRTVQSLEIDLDSMRNLKASLENSLREVEARYALQMEQLNGILLHLESELAQTRAEGQRQAQEYEALLNIKVKLEAEIATYRRLLEDGEDFNLGDALDSSNSMQTIQKTTTRRIVDGKVVSETNDTKVLRH,81,9,ET,2,83,ATGIAGGLAGMGGIQNEKET,QSLNDRLASYLDRVRSLETE,P05783,3,M,83,78.06,98.564,98.959,100.159,99.252,-14.082,-13.059,-12.253,-13.661,-22.627,-21.561,-22.083,-20.25,HELX_RH_AL_P,HELX,0,1,0,0,0,0,0,0,0,0,0,2,2,2,2,4,9,14,20,0.0,0.0,0.0,0.0,0.8571428571428571,0.8571428571428571,1.7142857142857142,2.0476190476190474,2.5714285714285716,3.3333333333333335,4.142857142857143,7.571428571428571,13.380952380952381,18.80952380952381,1
43,HQGVMVGMGQK,HQGVM[15.9949]VGMGQK,HQGVM[15.9949]VGM[649.3660]GQK,HQGVM[15.9949]VGM[655.3735]GQK,9.639965296,9.730603743,,,,sp|P63261|ACTG_HUMAN,P63261,ACTG_HUMAN,ACTG1,"Actin, cytoplasmic 2",9.685284519,0.002978838996,P63261_M46,0,MEEEIAALVIDNGSGMCKAGFAGDDAPRAVFPSIVGRPRHQGVMVGMGQKDSYVGDEAQSKRGILTLKYPIEHGIVTNWDDMEKIWHHTFYNELRVAPEEHPVLLTEAPLNPKANREKMTQIMFETFNTPAMYVAIQAVLSLYASGRTTGIVMDSGDGVTHTVPIYEGYALPHAILRLDLAGRDLTDYLMKILTERGYSFTTTAEREIVRDIKEKLCYVALDFEQEMATAASSSSLEKSYELPDGQVITIGNERFRCPEALFQPSFLGMESCGIHETTFNSIMKCDVDIRKDLYANTVLSGGTTMYPGIADRMQKEITALAPSTMKIKIIAPPERKYSVWIGGSILASLSTFQQMWISKQEYDESGPSIVHRKCF,39,11,HQGVMVG,7,46,PRAVFPSIVGRPRHQGVMVG,GQKDSYVGDEAQSKRGILTL,P63261,23,M,46,62.98,-28.055,-26.782,-25.509,-26.811,-15.804,-16.635,-15.791,-17.27,-18.997,-19.15,-18.977,-20.47,BEND,BEND,1,0,0,0,0,0,0,0,0,0,0,2,2,2,2,2,5,6,13,0.0,0.0,0.0,0.0,1.4285714285714286,1.4761904761904763,2.238095238095238,2.5238095238095237,2.9523809523809526,3.5714285714285716,4.095238095238095,9.761904761904763,25.285714285714285,46.38095238095238,0
